file_name,zcr_mean,zcr_std,spectral_centroid_mean,spectral_centroid_std,spectral_bandwidth_2_mean,spectral_bandwidth_2_std,spectral_bandwidth_3_mean,spectral_bandwidth_3_std,spectral_bandwidth_4_mean,spectral_bandwidth_4_std,spectral_contrast_1_mean,spectral_contrast_2_mean,spectral_contrast_3_mean,spectral_contrast_4_mean,spectral_contrast_5_mean,spectral_contrast_6_mean,spectral_contrast_7_mean,spectral_contrast_1_std,spectral_contrast_2_std,spectral_contrast_3_std,spectral_contrast_4_std,spectral_contrast_5_std,spectral_contrast_6_std,spectral_contrast_7_std,spectral_rolloff_mean,spectral_rolloff_std,mfccs_1_mean,mfccs_2_mean,mfccs_3_mean,mfccs_4_mean,mfccs_5_mean,mfccs_6_mean,mfccs_7_mean,mfccs_8_mean,mfccs_9_mean,mfccs_10_mean,mfccs_11_mean,mfccs_12_mean,mfccs_13_mean,mfccs_14_mean,mfccs_15_mean,mfccs_16_mean,mfccs_17_mean,mfccs_18_mean,mfccs_19_mean,mfccs_20_mean,mfccs_1_std,mfccs_2_std,mfccs_3_std,mfccs_4_std,mfccs_5_std,mfccs_6_std,mfccs_7_std,mfccs_8_std,mfccs_9_std,mfccs_10_std,mfccs_11_std,mfccs_12_std,mfccs_13_std,mfccs_14_std,mfccs_15_std,mfccs_16_std,mfccs_17_std,mfccs_18_std,mfccs_19_std,mfccs_20_std
96_unhealthy.wav,0.098,0.029,1963.398,429.247,2065.324,291.792,2529.911,246.988,2969.965,205.844,29.219,15.694,19.893,18.786,18.512,17.469,39.084,4.96,4.091,3.922,3.147,2.433,2.308,3.088,4094.531,1032.773,-142.416,116.205,-32.16,49.112,-8.39,22.885,-18.317,20.111,-22.103,10.792,-12.998,14.083,-16.393,4.163,-4.374,3.736,-10.86,1.878,-7.468,-2.792,57.29,18.563,13.811,8.163,9.008,6.678,8.0,6.631,6.068,7.288,6.605,6.183,5.901,5.394,6.599,5.817,6.265,5.659,6.259,5.632
110_healthy.wav,0.173,0.066,3253.16,718.194,3028.504,318.466,3474.075,249.361,3877.095,195.088,21.466,13.392,16.907,18.207,18.084,16.451,14.995,4.837,3.511,4.31,3.661,3.208,2.1,1.433,6929.736,1203.679,-35.285,61.267,14.046,28.649,4.324,-1.365,-0.784,5.129,5.352,1.226,-7.262,-0.52,0.215,-1.294,-0.107,-1.257,-2.531,0.574,1.575,-1.719,53.13,18.746,20.819,16.019,12.557,11.958,8.502,7.778,7.678,7.976,8.478,6.507,6.88,6.243,6.538,6.595,7.043,7.739,7.898,7.8
85_unhealthy.wav,0.121,0.061,2183.576,732.564,2060.788,332.151,2473.787,291.195,2867.084,250.95,26.183,18.838,21.929,21.489,21.566,21.56,38.865,6.164,4.517,4.551,4.013,3.532,3.62,4.43,4436.298,1235.44,-185.5,98.926,-36.443,44.428,-17.76,21.284,-20.294,13.772,-15.499,11.033,-16.788,2.335,-12.635,0.151,-4.4,-2.466,-8.966,6.872,-6.697,-1.208,63.098,29.495,18.173,15.405,15.174,13.732,12.242,11.124,11.511,11.854,11.337,10.029,9.587,8.812,9.025,9.653,10.991,11.581,9.163,11.045
54_unhealthy.wav,0.132,0.085,2568.334,977.404,2549.717,455.166,3130.641,362.832,3665.62,280.588,21.964,18.06,20.543,21.615,21.307,19.796,17.133,5.569,4.509,4.327,3.953,3.772,3.095,2.455,5229.704,1829.928,-156.286,75.628,-16.518,16.341,5.802,6.01,-4.146,-3.764,-6.169,-8.928,-4.101,-2.207,-4.651,-5.42,-4.689,-7.081,-3.885,1.386,-2.002,-4.717,48.443,31.523,16.569,15.14,11.219,9.777,8.731,9.842,9.318,9.585,8.37,9.574,9.234,9.064,7.334,8.153,6.235,7.513,8.962,6.941
34_unhealthy.wav,0.135,0.039,2769.793,529.538,2649.07,287.417,3119.832,225.332,3553.303,180.706,20.661,16.488,20.159,19.295,19.023,17.747,17.622,4.163,3.806,3.947,3.321,2.634,2.309,1.987,5811.479,1117.984,-28.048,65.661,-7.321,33.756,11.126,14.604,2.093,10.009,-0.225,10.135,-2.855,3.096,-1.667,-0.111,-1.668,1.861,-3.952,-1.654,-6.46,-3.963,25.802,18.385,15.915,13.165,9.657,8.687,8.84,6.146,6.908,7.234,8.563,6.06,6.297,5.949,6.653,5.654,5.766,6.169,6.136,8.071
166_healthy.wav,0.1,0.06,2481.646,760.805,2680.338,401.572,3258.703,335.46,3787.464,310.209,18.302,16.424,18.907,18.027,20.127,17.307,17.445,5.396,4.403,4.53,3.317,4.06,3.027,3.463,5448.034,1599.537,-111.6,85.562,3.525,16.362,2.203,5.977,-5.036,-3.964,-0.105,1.567,-5.79,-5.087,-0.213,-4.404,-0.779,1.553,0.362,0.579,-0.693,-1.81,69.671,27.923,17.367,16.947,15.474,11.135,12.577,9.401,10.93,9.589,9.921,8.102,8.726,8.114,8.052,8.285,7.532,7.381,7.613,7.614
125_healthy.wav,0.144,0.083,3274.499,887.871,3176.574,356.688,3655.94,267.721,4076.214,230.203,23.541,14.645,19.147,18.61,18.277,16.593,15.366,5.059,3.952,5.01,4.308,3.663,2.555,1.684,7273.193,1538.106,-40.904,61.54,9.869,10.099,8.454,5.372,8.383,3.519,8.25,5.879,-0.098,-0.561,0.556,-1.982,1.911,0.079,-1.265,1.236,1.498,0.947,62.377,23.897,20.207,18.781,13.102,14.178,10.856,10.698,9.629,9.741,8.6,8.636,7.399,8.14,8.378,9.262,9.593,9.695,10.134,9.815
138_healthy.wav,0.165,0.062,3222.753,790.573,2955.624,410.305,3442.684,323.172,3878.196,263.269,19.083,12.937,16.32,15.669,16.692,17.195,15.716,4.447,4.066,4.193,3.587,2.947,3.414,1.957,6686.776,1496.039,4.77,64.471,-2.451,10.432,3.253,7.834,3.103,1.406,6.745,4.88,3.277,1.748,3.333,2.347,1.426,-0.603,-2.177,-1.6,-0.613,-4.048,63.491,22.912,27.283,15.82,10.892,12.691,9.613,10.787,9.779,9.523,8.33,8.222,7.361,7.717,6.432,6.877,6.235,7.2,7.57,7.286
149_healthy.wav,0.211,0.092,4058.755,1059.846,3424.138,389.697,3793.386,268.794,4103.818,178.418,16.666,12.493,16.596,18.159,19.202,18.09,16.253,3.944,3.795,4.159,3.929,3.698,3.613,2.103,8380.146,1554.646,-52.642,47.784,13.463,2.221,13.26,9.146,14.453,0.866,9.462,6.998,-0.694,1.735,8.506,6.939,3.184,2.254,-0.908,2.033,2.278,3.459,53.362,21.975,20.83,13.184,11.799,9.029,9.672,9.313,9.18,9.398,7.642,8.19,8.347,8.375,7.973,7.565,7.508,7.744,9.029,7.897
44_unhealthy.wav,0.069,0.023,1629.301,498.11,2098.009,562.086,2811.089,537.734,3475.881,496.555,26.877,15.951,20.822,21.88,21.819,18.857,15.545,4.356,4.156,4.407,3.554,3.577,3.068,2.461,3418.675,1531.028,-118.394,130.255,-3.089,15.729,3.947,10.665,6.838,3.398,0.77,-2.534,-3.107,-2.867,-1.624,-0.2,0.741,2.026,2.083,4.144,3.154,2.253,48.909,31.056,21.662,15.598,10.888,7.864,6.792,6.313,6.776,5.757,6.927,9.103,6.52,8.901,8.544,7.831,7.673,7.857,8.614,8.026
182_healthy.wav,0.086,0.042,2201.129,703.695,2674.421,446.068,3321.334,350.273,3902.969,286.283,26.034,16.124,18.815,16.623,17.063,18.375,17.031,4.939,3.868,4.421,3.539,2.94,3.239,2.759,5072.143,1730.404,-137.744,100.256,14.399,15.413,2.327,-1.067,-2.105,-1.689,-5.315,-1.783,1.741,-6.185,-3.033,-9.778,-6.662,-3.966,-10.176,-2.967,-3.573,-0.647,62.226,25.008,20.009,18.493,15.149,11.303,12.083,8.914,11.229,10.117,9.705,8.521,8.538,8.406,8.721,7.28,7.522,9.08,6.787,6.688
15_unhealthy.wav,0.114,0.081,2281.768,1007.918,2103.152,438.777,2555.604,353.861,2973.493,290.079,16.512,18.492,20.567,18.094,17.744,18.095,38.741,4.835,5.383,4.871,4.01,3.442,2.627,4.328,4448.172,1700.567,-174.933,90.933,-18.715,41.615,-8.879,9.085,-12.457,13.13,-9.691,4.335,-13.486,6.741,-10.385,7.145,-5.79,0.796,-8.141,-5.717,-3.35,-0.414,59.973,40.546,25.117,16.071,17.555,13.207,14.263,13.02,11.62,10.509,11.022,10.537,10.372,7.86,9.344,8.018,8.784,7.877,6.88,8.201
90_unhealthy.wav,0.121,0.042,2524.195,528.74,2246.571,191.491,2586.79,149.502,2910.575,129.034,16.7,16.137,22.302,20.562,19.476,18.612,42.513,3.894,4.876,5.019,4.773,3.528,2.937,2.821,5235.724,723.517,-89.016,86.218,-24.412,47.093,-33.657,29.465,-19.75,21.636,-16.747,6.539,-13.391,7.486,-12.851,8.588,-7.891,11.498,0.678,9.798,-2.127,0.586,46.849,27.123,16.254,15.212,12.514,8.057,9.262,9.549,9.025,10.094,9.375,11.738,10.566,10.698,9.749,11.415,14.114,13.123,13.427,12.195
105_healthy.wav,0.124,0.071,2735.764,843.832,2860.659,388.636,3432.694,275.848,3942.996,193.065,24.925,15.165,17.763,19.7,17.831,17.25,15.552,4.848,3.989,4.082,4.018,3.0,2.564,1.37,5962.874,1646.239,-20.932,83.246,5.052,16.362,9.399,-0.564,4.04,6.205,9.119,5.864,-3.504,-0.638,-3.169,1.549,-0.916,-2.958,-1.328,-0.877,0.687,-1.772,35.739,22.307,19.493,13.126,10.187,11.502,8.805,6.974,7.144,7.063,6.004,6.208,5.874,6.426,5.71,6.902,6.018,6.611,7.279,6.978
80_unhealthy.wav,0.15,0.048,2573.415,509.785,2321.758,244.903,2677.978,192.775,3010.249,150.724,25.861,14.769,18.384,18.854,18.549,18.607,42.572,4.992,3.652,4.018,3.757,3.263,2.852,3.268,5309.642,948.858,-87.964,93.536,-23.224,48.123,-21.445,27.755,-20.336,18.751,-15.219,16.133,-21.412,10.868,-12.027,5.123,-7.304,4.661,-10.166,5.5,-4.369,0.312,38.627,17.828,14.055,9.646,9.077,8.057,9.846,8.274,7.752,7.457,8.197,6.033,7.253,8.092,6.436,7.11,9.115,7.348,8.694,7.315
18_unhealthy.wav,0.116,0.05,2190.882,526.691,2143.152,315.265,2566.047,265.104,2963.289,217.606,19.132,12.855,15.365,14.427,15.665,16.417,41.744,3.167,3.616,4.025,3.095,2.23,2.531,3.136,4574.132,1124.424,-67.594,109.128,-32.711,45.652,-11.68,27.491,-16.33,22.081,-15.447,19.394,-11.61,11.577,-10.516,4.445,-7.009,5.033,-6.756,3.816,-2.65,-0.067,37.448,21.339,18.692,13.134,9.607,10.915,9.336,6.955,7.806,7.249,7.903,5.973,6.588,5.937,6.363,6.186,6.762,6.413,6.02,5.693
32_unhealthy.wav,0.116,0.041,2329.186,521.074,2374.668,316.794,2927.547,284.353,3452.259,255.441,19.193,16.078,19.031,18.45,19.329,18.139,16.952,4.28,4.174,4.96,3.802,3.216,2.569,1.811,4711.802,1083.01,-26.407,85.884,-17.212,35.312,9.983,10.666,1.399,4.576,-0.121,2.099,0.323,5.393,-1.013,0.373,-1.61,-2.463,-5.958,-1.592,-6.75,-1.347,32.442,22.103,15.283,11.267,12.365,8.535,7.975,7.851,7.184,6.866,9.099,6.603,6.996,5.784,7.246,7.289,6.623,6.842,7.367,7.349
45_unhealthy.wav,0.079,0.028,1528.797,306.834,1565.981,106.588,1959.945,119.759,2435.07,181.873,28.119,16.942,19.138,19.048,19.06,24.441,17.048,4.816,4.056,3.944,3.313,2.972,2.203,2.168,3210.337,567.259,-172.666,142.763,-55.773,79.316,-1.874,4.793,0.245,-11.501,-0.267,-9.363,-7.68,-11.267,-5.684,-11.292,-7.692,-4.286,-11.281,-7.84,-7.723,-8.15,62.391,14.566,20.03,10.293,11.03,8.201,7.337,6.474,5.511,6.728,5.393,5.254,5.057,4.923,4.822,5.106,4.215,4.482,4.563,4.641
160_healthy.wav,0.145,0.128,3694.733,1440.153,3230.396,469.085,3694.748,344.87,4092.673,276.015,21.979,17.536,18.721,18.256,18.348,17.309,15.772,5.694,5.893,5.593,4.318,3.784,2.947,1.599,7603.369,2124.309,-77.925,32.374,20.107,27.61,16.271,5.324,13.488,3.502,7.345,5.269,4.007,5.275,3.754,0.784,0.405,-0.713,3.062,1.409,0.547,-1.901,78.408,41.619,29.161,20.486,14.891,14.544,12.29,11.315,11.436,11.937,10.544,10.204,10.159,9.015,8.719,9.332,7.89,8.241,7.768,9.53
30_unhealthy.wav,0.115,0.061,2898.32,847.214,2830.972,332.16,3235.868,263.24,3616.094,231.997,23.198,15.351,18.64,17.541,18.445,16.87,17.882,3.203,4.451,5.078,4.256,4.065,2.55,1.849,6293.0,1101.187,-131.428,67.745,32.89,34.586,-3.293,21.882,-5.809,10.232,-7.049,2.299,-4.368,-3.317,-6.281,-0.226,-1.961,-1.908,-0.885,0.949,-1.548,-1.173,49.458,28.937,28.43,18.6,11.297,13.742,10.365,8.263,8.37,8.892,7.131,6.812,6.761,6.193,6.474,5.913,5.537,5.379,5.781,5.896
98_unhealthy.wav,0.049,0.028,1333.862,494.847,1791.107,344.315,2357.874,281.672,2893.221,235.267,28.563,17.912,20.563,18.141,19.352,18.158,34.753,5.14,4.903,4.527,3.563,3.231,2.929,4.946,2882.943,1205.744,-225.033,123.657,-9.745,56.614,10.422,20.643,-10.259,15.571,-8.24,12.809,-9.006,7.689,-10.084,-0.252,-5.282,-2.811,-4.422,1.558,-5.046,-3.588,103.76,22.209,24.583,13.778,12.5,14.529,10.342,10.157,8.35,9.624,7.994,8.684,7.528,6.527,6.838,6.805,6.605,5.86,6.868,6.426
65_unhealthy.wav,0.129,0.038,2284.414,425.83,2104.817,275.452,2476.645,262.08,2828.095,254.301,15.316,16.123,18.866,19.518,19.193,18.411,41.361,3.824,4.36,4.338,3.582,3.0,2.386,3.398,4720.451,876.566,-95.258,103.813,-37.014,52.686,-20.753,27.574,-17.527,24.807,-11.295,16.645,-9.247,10.184,-8.784,1.838,-3.953,2.171,-6.698,5.102,-9.701,-3.96,44.528,20.521,19.641,12.488,12.169,9.583,9.523,8.73,9.679,9.975,8.956,7.727,7.25,6.85,6.87,5.974,6.072,5.376,5.97,6.222
68_unhealthy.wav,0.118,0.051,2455.693,529.662,2399.259,212.251,2780.408,159.542,3129.947,125.644,18.173,16.251,18.892,18.558,18.713,18.115,42.092,4.242,4.471,4.485,3.752,3.367,2.934,2.725,5390.329,890.844,-121.125,91.738,-14.72,52.961,-11.417,31.011,-17.49,24.197,-24.776,17.118,-15.88,10.381,-8.631,7.146,-11.84,3.17,-10.363,1.511,-10.358,-2.479,41.123,20.361,15.595,9.159,8.578,9.572,7.923,8.425,8.705,7.714,7.236,7.047,6.218,6.568,6.012,5.645,5.611,5.792,6.343,5.574
177_healthy.wav,0.143,0.082,3519.054,962.754,3312.872,399.273,3731.643,303.524,4094.219,247.319,22.208,16.908,19.284,18.567,17.648,17.267,15.828,4.828,5.271,5.522,3.964,3.374,2.374,1.851,7759.655,1634.871,-38.282,47.847,20.056,23.821,19.781,13.65,14.685,4.559,7.704,8.944,5.423,1.156,1.088,4.389,4.585,2.546,-0.246,4.629,3.011,-1.308,67.616,25.459,20.14,17.036,15.722,15.517,10.708,9.956,8.928,9.509,7.099,6.563,7.323,7.48,6.915,7.08,6.69,6.97,7.992,7.316
26_unhealthy.wav,0.123,0.046,2247.093,480.377,2150.688,240.892,2566.046,192.813,2956.148,159.259,19.328,14.563,17.523,17.318,17.042,18.191,42.583,3.045,3.634,4.202,3.532,2.911,3.355,2.946,4585.115,968.835,-58.982,106.577,-31.804,47.911,-17.425,27.755,-14.01,22.419,-20.55,19.563,-14.581,10.176,-10.946,4.524,-9.725,4.616,-10.113,1.458,-3.005,-0.62,30.852,19.553,13.515,11.165,11.111,9.367,10.023,6.783,7.324,8.096,6.459,5.937,6.943,5.801,7.219,6.56,5.467,5.61,5.76,5.657
137_healthy.wav,0.115,0.091,2925.145,1116.409,3160.814,464.883,3717.688,330.557,4198.836,261.246,22.745,16.13,20.493,18.714,18.619,17.541,15.848,4.791,4.745,4.773,4.495,4.193,3.244,2.096,6847.342,2055.628,-44.171,76.18,22.908,16.796,22.996,3.278,6.906,0.095,6.496,6.542,0.855,2.723,4.515,2.854,1.322,1.802,0.381,-1.107,-0.426,1.564,66.931,28.581,22.549,17.197,12.908,15.275,10.575,8.971,7.987,9.72,6.744,6.663,7.16,7.4,6.853,7.092,8.087,8.774,8.686,8.484
184_healthy.wav,0.084,0.04,2461.066,740.461,2936.499,457.493,3524.87,372.159,4053.65,319.58,21.291,17.412,21.3,21.263,19.408,17.511,15.302,4.488,4.759,4.547,4.323,3.682,3.303,2.067,5930.582,1751.735,-104.463,86.863,28.752,26.619,8.908,5.665,7.754,0.463,6.626,6.567,0.376,2.142,-0.023,-0.36,1.314,1.317,1.938,1.227,-0.124,0.841,45.66,22.549,18.748,16.746,15.415,12.395,9.85,9.818,8.798,9.931,9.301,8.153,8.532,8.251,8.456,7.563,8.224,8.88,9.489,8.24
165_healthy.wav,0.206,0.111,3590.673,1022.788,2904.138,432.986,3336.808,345.562,3714.753,296.167,18.176,13.756,18.878,20.484,19.556,19.685,18.156,6.099,4.69,6.118,5.302,4.347,3.472,2.588,7077.812,1537.809,-88.397,34.345,-11.279,2.195,-4.848,-6.147,0.323,2.441,-8.163,5.64,-9.396,-7.357,-3.951,2.366,1.242,10.83,9.384,5.288,-2.936,-5.576,96.29,38.47,28.926,18.816,13.948,20.026,14.023,10.582,16.911,11.781,12.824,10.587,12.436,15.65,17.681,13.779,14.676,15.61,12.894,10.233
142_healthy.wav,0.075,0.055,1995.588,822.583,2542.805,404.155,3248.954,293.073,3864.876,239.955,25.635,19.608,23.801,22.644,21.515,20.759,18.111,4.98,4.27,4.861,4.674,4.024,3.93,2.633,4375.778,1870.579,-204.719,101.627,26.382,9.19,10.471,5.117,-9.462,9.306,-12.485,-2.48,6.222,-9.485,-2.545,-9.031,-10.175,-4.044,-7.759,-5.142,-1.825,-4.419,57.077,28.888,23.716,14.016,18.243,13.687,14.813,11.116,11.824,11.018,11.297,9.762,10.829,10.97,11.769,10.116,11.602,13.475,12.625,12.899
132_healthy.wav,0.153,0.069,3093.665,779.111,2992.222,348.487,3511.72,241.367,3971.193,183.285,17.234,14.866,18.241,18.563,19.587,17.007,15.156,5.078,4.008,4.05,3.872,4.148,2.354,1.343,6722.864,1486.318,-18.845,71.326,-3.767,-1.409,0.705,-1.059,-1.055,-0.247,0.626,0.427,-1.504,-1.076,2.42,1.245,0.967,-3.588,0.89,-0.505,0.704,1.667,58.092,22.26,16.87,15.726,11.13,11.935,9.296,9.794,10.931,8.956,9.22,8.444,6.865,6.589,7.026,7.348,6.938,6.441,6.259,6.955
11_unhealthy.wav,0.054,0.04,1511.971,695.051,2028.811,419.195,2615.707,328.722,3144.234,265.922,20.669,19.021,20.812,20.885,19.391,18.544,38.535,4.949,4.484,5.089,4.622,3.659,2.796,3.395,3365.633,1548.878,-169.683,119.106,7.162,53.43,4.125,23.133,-5.721,24.987,-9.329,13.475,-14.279,5.959,-13.598,0.753,-10.458,0.084,-4.371,1.172,0.487,-5.829,53.818,24.85,20.002,14.701,11.82,11.245,9.551,8.458,8.283,7.76,7.424,7.226,6.873,7.986,7.156,7.485,8.431,9.837,8.943,8.699
199_healthy.wav,0.183,0.088,3607.81,817.405,3137.208,313.716,3543.056,232.744,3896.336,195.296,20.43,15.537,18.365,18.542,19.06,18.025,15.947,4.968,4.347,4.399,4.856,4.551,4.254,2.08,7513.039,1177.302,-26.94,46.744,8.683,8.587,6.084,12.436,6.975,2.499,1.152,7.257,-3.135,1.264,3.841,4.686,1.707,-0.982,-1.3,-2.679,-1.271,-2.486,66.521,24.307,23.5,19.006,11.04,12.231,12.228,11.645,11.425,9.009,10.225,9.497,10.751,10.052,11.104,9.588,9.625,8.953,8.814,10.108
10_unhealthy.wav,0.072,0.042,1836.568,613.184,2178.29,328.214,2683.419,248.031,3146.527,200.495,20.287,17.457,18.716,19.765,18.737,18.367,41.116,5.269,4.104,4.127,4.014,3.235,2.966,3.232,4157.507,1290.24,-108.948,114.954,-5.211,46.191,-9.137,20.518,-17.024,24.222,-8.051,13.439,-18.378,8.584,-11.401,1.889,-10.554,-0.256,-11.799,-6.499,-4.304,-2.736,51.738,21.432,18.294,13.048,11.192,11.835,10.369,9.243,8.82,7.994,7.296,7.504,6.922,7.089,6.742,5.648,6.748,6.271,6.942,5.754
167_healthy.wav,0.1,0.054,2827.215,951.813,3216.66,439.217,3756.382,276.85,4227.543,203.974,20.363,17.355,20.929,20.445,20.871,19.786,15.747,4.313,4.244,4.912,4.179,4.551,5.143,2.179,6815.159,1992.695,-63.568,79.031,42.745,16.093,15.271,10.789,13.308,3.687,4.927,10.664,-0.016,3.476,3.415,-2.449,0.854,-5.115,-4.292,-1.565,-0.06,2.661,60.412,28.744,25.019,14.53,13.178,12.187,11.269,9.853,10.0,10.405,8.927,9.129,8.618,8.772,8.642,8.642,9.162,8.059,9.519,9.776
62_unhealthy.wav,0.109,0.067,2884.308,976.411,3198.973,460.073,3717.755,316.955,4174.016,244.974,19.049,16.303,20.906,20.619,19.424,18.259,17.888,5.317,4.275,5.609,5.047,4.069,2.815,2.474,6913.357,1808.608,-212.284,65.782,45.208,19.729,11.811,8.059,4.426,4.215,-2.32,-2.201,-1.635,-4.661,-3.723,-6.776,-2.998,-6.512,-10.917,-3.398,-1.207,-3.11,63.949,28.264,27.055,17.774,15.176,11.546,11.016,7.502,7.974,8.357,7.685,5.962,6.788,7.454,6.542,7.168,8.561,9.358,10.476,10.761
17_unhealthy.wav,0.141,0.034,2297.935,397.886,2062.386,264.82,2451.764,237.372,2825.629,203.866,19.938,14.344,17.137,17.959,17.969,18.461,42.764,3.433,3.717,3.714,3.088,3.299,2.799,2.615,4515.678,901.489,-41.407,105.41,-43.935,54.118,-18.419,23.529,-17.622,20.664,-18.465,17.48,-15.18,11.314,-14.159,2.834,-9.473,3.345,-8.206,3.701,-3.681,-0.158,32.17,15.658,14.518,10.858,9.19,7.881,7.887,6.596,7.394,6.163,6.192,5.781,6.354,6.63,6.229,5.966,5.978,5.919,6.45,6.631
115_healthy.wav,0.088,0.036,1958.228,522.854,2285.111,358.045,2921.406,277.678,3512.198,217.094,15.987,15.383,17.785,16.279,18.078,17.105,16.65,3.422,4.326,4.553,2.934,3.106,2.445,1.952,4079.701,1328.305,-135.344,107.813,-13.434,19.037,8.818,12.484,1.02,11.321,2.556,1.233,-6.387,5.866,2.886,1.019,-1.774,-0.504,-1.079,-0.168,-0.9,-2.137,38.976,19.783,21.575,16.767,12.873,9.627,12.07,9.293,7.287,7.334,7.501,6.946,6.525,6.497,5.987,5.357,5.196,5.433,5.674,5.313
43_unhealthy.wav,0.144,0.052,2702.542,626.789,2543.72,413.297,3112.72,361.951,3641.545,304.748,23.827,13.463,16.723,17.497,17.795,18.474,14.666,5.751,3.967,4.396,3.703,3.216,3.05,1.304,5287.967,1397.74,-62.135,75.874,-26.729,18.281,2.459,5.834,11.579,0.01,8.693,5.516,-0.246,2.399,-1.742,-3.167,2.003,-1.413,-5.529,-2.528,0.621,-1.403,68.558,22.962,20.633,14.323,9.012,8.549,10.638,8.45,9.039,7.632,6.236,7.299,7.167,7.548,7.187,6.324,7.267,7.46,6.756,7.361
188_healthy.wav,0.146,0.088,3563.107,971.981,3337.55,332.182,3752.993,244.722,4111.47,213.818,23.603,17.412,19.14,19.582,18.681,16.66,15.333,4.894,4.703,4.87,3.937,3.722,2.733,1.86,7924.277,1300.481,-47.046,55.778,27.64,19.186,15.183,3.178,5.622,1.605,4.136,1.62,-1.583,-3.003,-7.631,-3.841,-8.111,-3.371,-2.267,4.503,1.44,-0.38,43.474,26.66,20.835,15.306,10.526,12.731,9.427,9.98,9.346,7.769,8.654,6.778,8.341,7.198,7.367,7.554,7.438,7.546,7.98,6.44
192_healthy.wav,0.167,0.099,3676.962,875.587,3248.169,350.072,3659.822,278.255,4015.777,237.651,20.419,17.282,18.702,17.749,17.336,15.457,14.78,5.736,5.112,5.411,4.373,3.07,1.97,1.326,7853.174,1249.833,-8.455,42.057,8.262,17.969,14.043,7.357,5.725,-1.893,4.611,2.078,-1.069,-0.66,-2.438,-1.481,-3.761,-1.654,-2.366,0.053,-0.984,-2.602,55.247,21.559,24.48,18.162,14.95,15.054,12.848,10.243,10.029,8.304,8.095,8.038,7.294,6.323,7.488,7.436,8.679,9.041,9.444,8.118
13_unhealthy.wav,0.046,0.039,1569.295,829.91,2227.581,527.914,2804.888,387.555,3311.555,308.907,19.676,18.875,22.873,20.016,18.768,18.944,38.929,4.488,4.677,5.253,5.164,3.8,3.511,3.463,3765.779,2138.558,-211.217,95.752,40.584,68.281,5.305,30.97,-5.277,22.821,-1.623,17.492,-11.495,8.731,-10.457,5.719,-7.895,3.723,-6.636,-1.278,2.782,6.267,68.283,29.282,27.413,16.562,12.757,12.036,10.824,10.89,12.169,8.921,7.771,7.819,7.365,7.42,6.915,6.444,9.023,9.858,10.312,8.786
183_healthy.wav,0.1,0.06,3144.029,792.105,3339.156,291.07,3800.712,207.962,4208.233,197.258,22.235,14.992,17.894,17.0,17.313,16.596,14.801,4.917,3.705,3.728,3.115,2.775,2.562,1.291,7523.19,1316.063,-62.049,64.205,29.867,23.252,16.257,7.444,8.867,6.415,7.411,3.019,1.469,2.979,1.858,0.526,-0.337,0.809,1.293,1.181,0.854,0.101,49.989,21.089,13.782,10.125,10.056,10.17,7.779,8.179,7.303,7.964,6.442,6.269,6.219,6.842,6.545,6.332,6.325,6.694,7.591,8.063
158_healthy.wav,0.154,0.102,3651.69,1025.658,3282.97,403.555,3701.299,300.42,4058.352,245.992,21.446,14.349,18.864,17.153,17.364,17.727,14.708,5.618,4.489,5.211,4.319,3.874,3.543,1.521,7768.091,1635.303,-39.638,33.95,9.583,16.656,14.908,11.197,21.489,9.885,14.735,15.625,2.045,2.58,0.367,1.649,6.927,8.23,9.36,6.964,1.501,-1.123,62.879,24.437,22.938,20.481,15.605,15.542,12.901,12.233,9.797,9.293,9.709,8.451,9.218,7.545,9.008,10.309,12.515,10.845,10.469,11.117
107_healthy.wav,0.068,0.052,2073.507,850.063,2658.508,469.203,3304.031,335.855,3886.088,239.803,23.436,15.817,16.546,18.693,17.637,17.188,15.556,5.156,3.988,3.713,4.082,3.515,2.208,1.41,4872.991,1931.211,-169.129,94.649,24.48,27.384,11.639,14.885,4.237,12.381,10.71,5.124,-0.348,1.252,-4.157,-3.125,0.307,-3.545,-2.812,-5.768,-5.212,-0.092,70.06,24.035,18.815,13.482,7.866,10.248,7.954,6.551,6.079,6.698,7.52,6.711,6.891,7.108,5.829,6.116,5.82,6.229,7.627,7.068
72_unhealthy.wav,0.082,0.052,1934.266,654.442,2210.896,310.613,2695.46,227.826,3139.371,185.132,17.165,15.726,19.106,18.3,18.611,16.975,41.08,4.188,3.997,4.464,3.92,3.798,3.195,3.104,4360.723,1338.957,-95.376,112.451,-2.077,47.047,-10.37,29.786,-15.114,20.186,-12.674,16.497,-7.859,11.877,-11.187,8.866,-4.952,0.922,-6.112,3.242,-8.06,0.737,53.733,24.263,20.362,14.355,10.77,9.21,8.081,7.001,7.253,8.326,6.835,7.036,6.498,6.272,6.486,6.239,6.311,6.567,7.583,5.971
134_healthy.wav,0.137,0.05,2764.824,632.599,2728.487,400.543,3259.714,323.862,3750.611,275.896,18.068,15.148,17.456,17.175,18.044,16.158,15.841,5.029,4.786,4.92,3.943,3.826,2.467,1.786,5867.665,1388.365,-68.98,73.761,-12.468,9.551,-0.041,12.725,3.164,-0.074,2.533,2.879,-1.673,-3.016,1.623,1.097,0.934,-0.415,-1.239,-0.758,-1.702,-1.038,95.884,22.268,22.888,15.888,13.193,15.284,11.652,12.761,10.505,7.565,8.519,9.793,6.661,6.556,5.462,5.957,5.833,5.741,6.042,7.138
8_unhealthy.wav,0.085,0.018,1707.751,216.918,1841.558,180.535,2373.326,165.076,2860.889,152.032,28.39,14.876,17.532,15.982,18.872,16.422,41.787,5.608,3.78,4.145,2.999,3.511,2.29,3.439,3347.938,657.408,-14.947,138.441,-41.902,22.075,-18.677,32.004,-20.37,15.704,-17.349,14.874,-8.903,12.261,-5.829,9.972,-3.172,1.98,-6.926,3.125,-2.986,-6.673,24.208,13.922,8.437,9.856,7.556,6.082,6.367,6.638,7.103,4.385,5.056,6.069,5.929,5.476,5.001,4.65,5.113,4.478,4.341,5.664
171_healthy.wav,0.136,0.085,3125.245,1013.475,3001.167,553.062,3482.459,462.91,3909.888,401.147,18.667,14.685,18.727,18.323,18.024,17.184,15.521,5.386,4.297,5.089,4.324,3.387,2.969,2.024,6805.466,1905.883,-91.862,56.677,13.784,15.055,0.904,-4.079,-0.23,0.567,-4.587,-2.613,-2.765,-3.104,1.795,-0.955,1.396,0.922,1.076,0.911,3.288,0.211,98.286,27.318,28.384,20.062,15.893,15.68,13.109,11.007,10.943,10.172,9.512,9.122,8.532,8.046,8.088,8.936,8.489,8.773,7.777,8.002
152_healthy.wav,0.23,0.112,4140.982,1035.917,3453.687,364.143,3830.264,283.632,4141.217,246.875,18.549,14.329,17.282,18.082,17.985,16.866,17.717,4.698,4.238,4.234,3.557,3.01,2.535,3.245,8664.824,1437.38,-14.192,44.357,12.703,10.15,11.269,3.966,12.501,-2.168,10.719,2.298,5.048,-0.866,3.803,1.667,1.502,-0.19,-1.018,4.785,4.857,3.048,55.338,26.802,18.352,16.369,13.101,13.579,11.03,10.003,9.711,8.56,7.728,7.515,8.938,9.464,9.753,8.865,9.94,9.537,9.741,8.132
61_unhealthy.wav,0.069,0.049,2052.409,891.598,2732.859,489.959,3444.44,344.027,4060.283,289.152,16.73,18.257,22.894,20.036,17.193,17.478,16.43,4.164,4.188,5.717,5.302,3.653,2.542,1.936,4646.684,2324.24,-193.64,98.436,44.058,23.775,12.581,8.461,2.169,-0.345,-8.183,-9.117,-5.238,-4.843,-1.374,-1.265,3.217,3.688,1.385,2.715,1.702,-1.791,66.683,29.137,26.112,14.753,11.91,9.156,9.058,7.522,7.935,7.117,7.942,6.814,6.799,9.709,8.914,8.519,9.417,11.895,7.987,9.193
38_unhealthy.wav,0.141,0.06,2782.396,578.704,2634.877,309.356,3131.787,253.434,3586.603,214.505,18.548,13.924,17.104,18.25,18.265,17.6,17.817,5.204,3.976,3.894,3.254,2.941,2.444,2.195,5848.523,1253.586,-15.928,67.153,-20.122,15.577,4.801,10.826,5.959,11.796,-0.397,5.655,0.114,1.098,-1.742,5.705,-0.594,1.724,-1.578,1.581,0.413,2.939,33.803,21.139,20.267,15.136,15.061,13.741,10.585,9.801,9.987,9.468,9.137,9.689,8.637,8.814,8.039,8.342,7.437,6.87,8.52,7.065
3_unhealthy.wav,0.043,0.031,1401.506,652.042,1894.409,417.13,2489.081,328.861,3024.295,273.627,20.759,16.516,18.477,17.733,17.233,16.656,37.68,4.377,4.586,4.866,3.594,3.445,3.013,4.272,3002.924,1593.214,-156.546,130.724,-1.481,36.235,0.351,31.955,-0.622,20.157,-11.339,13.856,-3.79,11.538,-3.214,5.059,-1.785,3.543,-2.445,-0.733,-1.424,0.644,73.259,27.111,20.147,12.287,15.697,9.811,11.942,8.552,10.296,7.042,9.136,8.368,8.298,7.094,7.565,5.311,5.744,5.748,6.273,5.983
159_healthy.wav,0.146,0.108,2901.124,1268.337,2635.85,553.899,3180.581,444.263,3678.875,345.769,19.487,17.561,19.65,19.246,19.253,19.319,15.541,6.03,5.459,5.471,4.687,4.017,5.269,1.979,5716.433,2203.91,-87.757,64.356,-12.973,16.033,0.496,0.409,4.436,-2.725,-0.314,-0.05,-5.933,-4.269,-3.507,-4.622,-4.088,-3.319,0.213,2.7,2.481,0.217,73.606,45.229,26.977,20.171,15.877,13.486,11.714,11.603,10.387,10.021,9.237,8.925,8.522,9.005,7.825,9.307,10.704,11.693,11.498,12.772
193_healthy.wav,0.145,0.078,3249.073,927.437,2990.637,476.422,3417.75,400.925,3803.717,346.651,23.604,14.692,16.961,16.955,17.962,16.44,15.577,5.571,4.674,4.359,3.708,3.197,2.85,1.683,6863.338,1700.881,-26.024,60.925,6.002,17.741,5.116,10.427,2.473,4.931,8.13,3.86,-0.178,7.251,4.965,0.933,-2.304,1.557,0.224,1.93,2.374,5.439,56.532,27.605,26.204,15.188,13.383,11.368,10.72,10.019,9.9,10.297,8.756,7.927,9.296,8.147,7.04,6.955,8.107,8.584,8.139,8.303
116_healthy.wav,0.142,0.083,3179.265,909.218,3127.026,359.593,3627.795,274.624,4068.081,251.542,23.442,14.433,18.543,17.636,17.44,16.127,15.605,4.82,4.264,4.672,4.316,3.656,2.304,1.627,6985.792,1568.624,-45.799,65.267,12.93,14.511,7.017,4.41,6.603,3.292,7.734,4.053,3.658,2.6,4.051,2.397,1.782,-2.377,-1.344,-2.873,-0.841,-2.595,65.979,24.043,21.286,16.176,10.644,13.636,12.283,9.311,8.778,8.79,7.1,7.702,7.614,7.692,6.498,6.466,7.396,8.872,8.618,8.057
95_unhealthy.wav,0.089,0.036,1965.444,528.064,2102.677,301.798,2561.178,241.068,3000.551,181.214,29.627,16.808,20.966,18.804,18.606,17.743,38.287,4.464,4.212,4.732,3.954,3.374,2.657,3.233,4204.395,1109.625,-153.63,109.905,-23.092,59.014,-7.52,19.729,-16.488,18.078,-22.213,15.409,-12.379,12.348,-12.31,5.78,-10.266,1.803,-13.293,2.484,-6.717,-1.198,50.391,21.305,13.718,11.442,9.485,7.632,9.438,6.616,8.807,7.812,6.531,6.594,7.009,7.508,6.052,6.711,6.455,6.06,7.405,7.067
143_healthy.wav,0.144,0.076,2980.929,886.963,2972.304,425.693,3506.196,307.885,3977.815,233.579,16.808,15.43,19.129,19.189,19.96,19.441,15.145,4.992,4.306,5.225,4.912,4.777,4.969,1.649,6419.617,1801.695,-37.087,68.899,10.49,23.946,15.357,3.556,11.68,2.92,2.551,4.755,-1.591,2.562,-1.014,-1.648,0.51,-2.827,-3.426,-4.105,-4.215,1.094,53.571,26.56,21.469,14.111,11.671,12.462,12.359,9.904,9.267,10.871,7.219,7.35,7.021,7.159,7.138,7.799,8.923,10.534,9.276,7.701
78_unhealthy.wav,0.072,0.057,1878.254,726.357,2203.51,368.098,2699.397,275.98,3149.56,215.171,19.563,19.649,20.287,19.536,19.592,17.011,40.244,4.613,4.623,4.793,4.044,3.915,2.723,3.524,4284.891,1483.491,-130.983,111.024,-2.151,41.783,-3.202,34.655,-17.61,19.879,-9.146,14.885,-6.847,9.205,-6.971,6.322,-9.628,0.515,-12.773,-4.881,-2.517,-3.125,50.983,26.096,19.005,14.563,13.993,11.183,10.621,9.271,9.15,9.27,8.299,6.944,7.705,7.814,6.965,7.55,5.854,7.211,8.256,7.076
103_healthy.wav,0.119,0.076,3188.75,998.221,3268.888,330.35,3722.825,219.979,4120.172,201.325,22.326,14.937,19.525,17.973,16.483,15.888,14.966,5.065,4.099,4.854,3.883,2.872,3.576,1.435,7397.704,1576.375,-59.601,62.974,31.117,16.919,8.889,10.815,10.554,5.162,5.39,6.149,2.269,4.247,4.122,5.727,5.064,5.671,1.416,2.811,-1.414,-3.386,53.929,24.422,13.458,12.49,10.186,10.592,9.111,7.473,7.448,8.093,7.973,7.957,8.323,9.354,9.013,9.727,8.482,7.623,6.632,6.805
111_healthy.wav,0.066,0.047,1878.572,869.294,2413.37,575.102,3100.167,480.59,3725.616,406.362,24.413,17.59,21.201,20.587,21.338,19.084,16.46,5.087,4.05,4.591,4.355,3.864,4.027,3.021,4149.538,2011.489,-111.209,103.165,10.906,34.357,22.34,17.87,6.808,6.332,5.494,0.614,0.339,3.83,2.037,-5.516,1.202,0.399,0.34,1.678,-4.057,-6.401,68.345,33.476,16.213,16.017,11.14,11.307,10.461,8.053,7.348,8.256,7.913,7.487,7.155,8.198,8.611,7.888,7.938,8.153,7.287,8.757
20_unhealthy.wav,0.118,0.051,2172.594,566.202,2119.899,298.696,2558.882,235.307,2966.59,189.837,17.646,14.067,16.474,16.12,16.814,18.003,42.339,3.175,3.474,3.728,2.936,2.632,3.174,4.07,4413.757,1182.347,-56.961,115.221,-30.447,37.199,-21.998,21.876,-19.773,15.004,-24.095,17.788,-17.295,6.747,-10.743,0.821,-10.173,3.693,-8.561,-0.91,-2.531,-1.962,44.914,22.382,17.658,10.792,11.891,10.305,8.103,7.207,8.635,8.045,7.348,6.533,7.093,5.523,5.808,5.73,5.979,6.683,5.57,5.953
74_unhealthy.wav,0.091,0.032,2137.803,449.284,2245.728,240.713,2634.642,199.942,3011.754,166.484,18.161,16.69,19.877,18.486,18.188,16.811,41.417,4.544,4.14,4.853,3.58,2.912,2.178,3.055,4828.658,804.46,-83.368,103.905,-13.954,56.913,-14.434,32.197,-14.136,19.167,-9.343,13.167,-11.731,8.402,-9.401,10.225,-4.214,5.628,-6.378,1.804,-5.576,-0.44,45.419,17.187,13.488,9.689,8.017,7.163,8.433,6.535,9.065,7.143,6.775,6.614,6.452,5.75,6.041,6.102,6.171,5.879,5.845,5.793
28_unhealthy.wav,0.102,0.037,2048.685,594.751,2070.237,429.802,2573.292,420.966,3087.041,391.658,19.691,16.209,17.311,18.027,20.118,19.849,17.691,3.827,4.555,4.053,3.442,3.04,3.15,2.054,4097.121,1269.575,-92.634,101.838,-33.492,48.725,12.398,20.814,8.698,9.275,2.773,5.234,-9.329,-3.486,-4.36,-4.656,-3.97,-3.13,-7.001,-0.395,-1.142,-6.004,51.217,27.473,19.455,14.5,10.811,8.177,7.784,7.534,8.001,8.607,7.07,6.677,6.031,5.077,6.231,6.013,5.522,5.272,5.995,5.897
37_unhealthy.wav,0.146,0.049,2630.018,638.465,2442.445,385.501,2980.407,334.78,3487.121,285.767,22.965,14.832,17.445,17.302,17.666,18.941,16.453,4.007,3.863,4.177,3.251,3.002,3.389,2.004,5050.394,1359.98,-71.136,79.458,-20.804,30.648,5.531,3.704,4.704,7.27,-5.486,2.505,0.846,-0.58,-1.893,-4.79,-3.044,-3.866,-6.895,-3.775,-4.796,-4.796,42.755,22.118,18.866,15.247,9.36,8.623,8.539,6.906,8.279,7.317,6.533,6.331,5.925,5.342,5.982,5.889,5.686,6.374,5.923,5.608
108_healthy.wav,0.082,0.049,1893.409,900.837,2313.876,704.977,3018.44,666.292,3657.026,613.365,19.209,18.221,23.547,25.808,23.253,23.879,17.532,5.011,6.02,4.741,3.775,4.431,6.752,3.501,4011.513,2232.246,-224.406,107.351,-1.587,13.891,8.119,-9.373,8.115,9.291,9.098,6.021,-6.662,2.068,6.188,8.313,7.563,2.055,4.549,1.224,-1.646,-3.716,60.66,44.841,26.29,25.905,13.481,14.621,11.977,11.521,10.705,13.354,13.344,14.154,15.478,12.619,14.005,14.201,14.623,11.431,11.83,13.249
57_unhealthy.wav,0.175,0.063,3476.238,748.305,3242.142,286.188,3646.126,201.821,4004.442,161.652,16.528,14.723,18.638,19.056,17.756,16.182,16.293,3.995,3.577,3.879,3.435,3.003,2.043,1.962,7649.416,1164.141,-58.584,64.912,15.93,5.429,7.524,9.883,1.595,5.354,-1.24,-2.038,2.442,-0.72,-0.309,-1.484,3.29,3.644,-2.505,-1.156,-2.303,-2.217,39.039,19.827,13.198,12.932,9.982,6.664,7.885,7.983,6.845,6.427,7.196,5.913,6.35,7.366,6.889,6.893,6.644,7.757,7.916,7.723
170_healthy.wav,0.095,0.052,2313.513,570.078,2515.307,281.055,3095.701,228.297,3638.659,205.227,19.426,13.027,15.416,14.344,15.534,16.171,15.478,4.619,3.604,3.74,2.775,2.445,1.776,1.33,4912.368,1102.503,-30.302,88.469,-6.566,32.792,8.502,8.388,2.052,6.863,3.578,2.721,1.292,3.292,1.57,2.378,2.529,1.101,-1.578,-0.262,0.118,0.426,47.985,22.535,16.844,9.824,7.849,7.631,8.811,7.577,6.965,6.773,6.332,6.057,5.119,5.174,5.172,4.714,4.895,5.495,5.061,4.716
156_healthy.wav,0.167,0.134,3905.308,1143.306,3371.702,309.184,3749.037,234.031,4074.271,218.859,20.435,17.929,18.591,17.471,17.419,15.521,14.758,7.33,6.274,5.502,3.945,3.02,1.87,1.425,8239.756,1200.033,-56.153,36.449,11.979,-6.416,3.782,5.288,3.396,4.262,7.99,5.858,1.588,4.854,0.496,2.507,0.274,-2.596,-1.426,-1.873,-5.403,-4.322,70.657,33.995,25.31,22.003,19.619,17.506,12.958,14.75,11.854,12.536,10.569,10.344,10.406,9.667,9.158,10.323,8.139,7.919,8.335,8.658
131_healthy.wav,0.149,0.068,3054.606,780.158,2975.843,355.149,3504.369,246.291,3971.962,185.921,17.129,15.24,18.9,18.535,18.599,16.449,15.306,4.971,4.114,4.35,3.73,3.319,1.957,1.382,6632.035,1518.374,-18.168,72.283,-4.891,-0.376,1.687,-0.924,-1.329,-0.342,0.652,-0.187,-1.224,-1.051,2.523,1.242,1.744,-3.447,0.392,-0.859,0.923,1.66,57.756,22.346,17.098,15.132,10.446,11.596,8.989,9.419,10.427,8.475,8.876,7.954,6.355,6.18,6.383,6.951,6.817,6.203,5.989,6.534
97_unhealthy.wav,0.122,0.041,2042.305,479.81,1928.638,275.732,2361.014,253.129,2787.784,223.65,28.821,15.301,18.459,18.04,17.628,19.549,38.367,4.731,3.797,3.901,3.101,2.49,2.636,2.971,3998.889,897.373,-124.99,115.182,-47.986,52.82,-13.494,21.751,-12.418,20.127,-18.373,10.124,-16.045,10.477,-17.956,1.215,-11.528,1.838,-12.852,3.446,-12.59,-2.104,41.025,21.801,17.036,10.665,8.775,8.993,7.744,6.456,6.678,9.047,6.583,6.552,6.65,6.103,6.279,5.796,6.025,5.996,6.52,5.465
123_healthy.wav,0.141,0.083,3178.499,907.0,3127.234,359.604,3628.097,274.417,4068.319,251.503,23.427,14.392,18.543,17.707,17.461,16.116,15.6,4.844,4.095,4.814,4.473,3.632,2.345,1.657,6986.109,1575.901,-45.731,65.274,12.928,14.524,7.033,4.395,6.624,3.299,7.728,4.06,3.663,2.602,4.049,2.385,1.781,-2.393,-1.346,-2.879,-0.85,-2.598,65.82,24.01,21.273,16.186,10.638,13.625,12.245,9.323,8.794,8.804,7.127,7.682,7.597,7.698,6.505,6.477,7.403,8.872,8.644,8.066
4_unhealthy.wav,0.041,0.036,1331.653,687.399,1836.462,410.527,2409.837,316.524,2929.654,255.948,24.869,17.802,18.746,16.633,17.502,16.534,38.613,5.19,4.44,4.329,3.063,3.006,2.042,3.931,2909.497,1599.826,-127.97,134.441,1.021,54.439,-0.454,35.815,-10.857,16.386,-10.033,6.592,-6.698,11.042,-8.381,2.108,-6.346,0.992,-5.323,-0.843,-4.661,-4.789,56.424,28.785,21.238,12.436,12.704,10.131,11.538,6.604,10.631,9.362,8.148,8.205,8.1,7.248,6.271,6.143,6.806,6.562,5.208,5.257
7_unhealthy.wav,0.047,0.032,1263.054,543.882,1723.002,416.402,2326.418,363.894,2882.821,314.719,25.834,18.573,19.69,18.781,19.322,18.309,37.286,4.827,4.016,4.374,3.415,3.239,3.155,4.162,2643.704,1274.703,-140.464,149.3,-10.074,38.785,1.535,20.12,-11.342,16.292,-13.255,10.184,-9.258,4.7,-8.371,2.272,-6.51,-1.632,-6.489,-4.71,-2.57,-1.792,54.175,23.607,16.541,11.704,12.754,8.46,9.504,8.199,12.083,9.632,9.293,7.134,7.145,6.759,6.931,7.098,7.285,7.043,5.852,5.374
40_unhealthy.wav,0.145,0.059,2974.245,647.756,2780.754,370.408,3266.852,310.029,3717.068,252.598,32.0,14.181,16.271,17.858,18.312,18.14,15.057,5.673,4.067,4.197,4.799,3.677,2.791,1.602,6098.41,1330.49,-65.912,61.28,-1.937,35.309,9.313,7.556,3.41,2.978,4.607,2.91,1.773,-0.392,-5.758,-3.493,-3.685,-5.72,-3.955,-3.095,-2.735,-0.914,51.695,21.313,18.516,16.365,9.847,10.973,10.469,7.929,7.882,6.833,7.345,6.691,6.272,6.593,7.484,6.5,6.982,7.036,7.627,7.947
112_healthy.wav,0.087,0.053,2108.108,751.78,2558.924,463.98,3296.339,406.924,3941.771,363.629,19.781,22.407,25.213,24.244,21.824,21.774,16.924,4.74,5.358,4.291,3.442,3.308,4.397,2.493,4446.79,1769.722,-240.688,97.133,0.408,-0.272,-10.476,-15.743,1.377,-17.878,-9.087,-8.763,-14.263,-5.5,-8.357,-9.308,-3.166,1.759,1.577,5.622,4.96,3.723,52.596,31.372,20.773,18.738,14.138,11.62,12.258,12.913,10.635,9.473,8.992,9.736,11.504,10.326,10.879,9.766,10.224,13.206,11.832,13.927
194_healthy.wav,0.132,0.059,3239.663,623.031,3145.414,262.988,3561.427,203.307,3937.785,181.284,24.514,15.166,19.261,18.815,17.265,16.021,15.859,4.64,4.818,4.956,4.457,3.31,2.081,1.593,7251.627,978.96,-20.244,57.763,16.799,18.261,8.966,14.902,2.674,3.754,1.109,1.843,-5.979,-3.603,-3.65,0.91,-0.474,-0.412,-4.628,1.962,1.57,0.545,35.736,19.206,18.456,11.946,10.375,11.667,8.959,8.821,8.549,7.43,6.994,6.851,7.084,8.954,8.023,7.187,7.586,9.082,9.388,8.395
163_healthy.wav,0.098,0.036,2461.968,555.621,2624.744,351.83,3133.196,279.491,3602.065,226.003,17.95,17.619,23.992,23.729,22.367,20.116,25.742,5.429,4.859,5.446,5.401,4.227,3.115,5.012,5473.181,1265.989,-6.97,68.914,3.783,28.208,2.29,13.621,1.037,5.998,2.752,15.028,-8.769,0.797,-7.211,2.935,0.558,11.353,11.471,14.175,-0.928,0.8,39.817,22.327,22.684,15.504,13.398,12.248,10.657,12.14,12.391,14.032,13.723,12.925,12.967,14.363,16.248,15.857,15.251,16.218,14.909,14.767
2_unhealthy.wav,0.077,0.048,1840.47,679.647,1978.95,411.715,2451.923,351.629,2901.706,302.634,20.066,16.561,17.709,16.301,16.414,16.877,38.578,4.854,4.772,4.69,3.98,3.278,3.155,4.517,3884.112,1426.144,-120.446,117.59,-27.635,42.838,-6.758,21.642,-12.103,17.952,-10.473,12.276,-6.569,13.523,-2.42,6.713,-3.155,5.47,-2.236,1.061,-1.654,-0.036,89.954,29.253,23.43,13.932,17.214,12.49,10.674,7.725,10.884,7.814,9.609,6.685,8.073,6.866,8.589,5.731,6.781,6.938,5.696,5.59
185_healthy.wav,0.136,0.118,3226.962,1605.887,3049.104,694.079,3584.962,542.769,4047.484,443.896,21.283,18.541,21.551,20.047,19.503,18.587,16.268,6.493,4.981,5.344,4.753,4.31,3.6,2.219,6793.393,2879.867,-112.486,59.75,14.487,19.166,15.125,-3.222,6.098,-6.685,1.465,-1.172,-1.236,-0.768,1.886,-0.681,-2.299,-3.501,-3.895,-3.396,-2.434,-2.081,70.944,48.247,30.275,16.244,17.71,15.874,14.147,12.608,12.683,11.774,11.528,10.019,10.266,8.748,9.067,8.648,8.015,8.921,9.716,9.321
147_healthy.wav,0.122,0.085,2814.515,1078.83,3043.142,581.829,3619.846,444.923,4118.733,368.795,23.286,15.786,19.596,19.2,19.419,19.184,16.09,6.056,5.126,5.116,4.883,4.374,4.42,2.31,6453.599,2469.71,-72.144,81.281,16.711,8.695,14.177,-1.048,12.842,-0.526,3.143,3.159,-3.471,-1.136,-0.682,-3.996,-1.083,1.792,3.5,5.923,6.341,2.435,73.663,33.004,31.822,20.117,15.756,16.258,14.882,12.65,11.463,11.08,10.953,8.693,8.52,9.413,7.589,7.958,8.491,10.551,10.274,8.999
126_healthy.wav,0.106,0.088,2889.429,1250.581,3197.212,546.45,3747.46,369.345,4220.573,283.905,23.735,18.811,21.155,19.426,18.621,17.504,15.824,5.652,4.582,4.932,4.276,3.714,3.2,2.334,6759.985,2394.13,-106.827,81.033,47.809,13.651,13.011,6.878,7.587,-2.636,-2.506,1.871,-5.137,-2.748,-3.666,-7.878,-4.804,-6.377,-7.392,-4.73,-0.124,-2.323,71.457,35.263,23.427,15.559,11.221,14.007,11.013,10.029,12.155,10.095,9.01,7.488,7.867,7.947,8.145,7.605,8.152,9.018,11.055,9.49
86_unhealthy.wav,0.146,0.075,2459.628,767.712,2136.367,331.633,2541.99,309.473,2916.401,300.882,19.971,16.662,19.099,17.187,17.148,17.955,38.912,4.467,4.861,4.854,3.723,2.92,2.838,4.371,4757.914,1263.583,-160.157,88.741,-35.477,47.494,-12.604,17.302,-19.144,14.595,-20.388,11.094,-11.145,7.699,-9.864,6.985,-10.139,3.074,-7.953,0.697,-4.926,-2.608,104.573,30.714,28.528,19.913,13.582,11.978,11.753,9.51,11.755,10.282,8.83,8.471,7.942,8.835,7.254,7.022,6.666,8.551,6.731,7.729
76_unhealthy.wav,0.071,0.054,1659.64,714.529,1952.77,337.464,2473.836,268.479,2955.834,225.136,17.865,18.753,21.502,20.407,19.791,18.155,38.803,4.901,4.499,4.878,4.151,3.376,3.137,3.731,3578.542,1370.976,-132.393,124.679,-9.693,46.452,-6.306,30.534,-11.146,20.404,-11.222,9.369,-5.83,7.819,-8.726,5.618,-4.087,-0.632,-8.115,-0.676,-7.606,-0.211,47.432,28.553,17.927,13.533,15.197,12.493,11.031,8.469,8.039,9.763,8.207,8.901,8.46,8.398,6.998,6.827,7.477,6.888,6.84,8.715
36_unhealthy.wav,0.147,0.049,2839.41,636.393,2622.507,342.868,3084.108,267.219,3505.047,209.133,19.657,14.916,18.121,17.756,18.241,16.902,19.1,4.173,3.831,3.949,3.325,2.807,2.415,2.184,5886.27,1307.383,-0.427,72.35,-13.062,23.915,10.23,10.317,-5.017,14.345,-0.694,9.888,0.725,5.223,-4.097,0.3,-0.31,-1.24,-6.159,1.019,-3.383,1.331,30.608,21.991,16.153,9.704,9.792,8.765,8.21,7.298,6.615,7.21,6.17,6.308,5.912,5.44,5.75,5.81,5.671,5.409,5.854,7.041
186_healthy.wav,0.122,0.077,2527.458,1024.304,2466.076,626.032,3040.461,564.62,3575.163,504.723,19.662,15.607,18.94,18.842,19.667,19.046,16.428,4.116,5.471,5.479,4.949,4.612,4.634,2.383,5101.404,2121.655,-81.734,78.611,-17.252,24.502,8.414,2.151,5.526,1.949,8.798,-0.127,0.498,4.641,2.391,5.5,0.624,-1.79,2.315,7.849,5.017,-3.329,84.569,41.164,33.053,17.359,16.451,14.079,14.913,10.751,11.12,9.956,8.381,8.02,8.809,9.595,9.127,9.134,9.558,12.22,10.186,9.618
12_unhealthy.wav,0.068,0.057,1815.808,891.327,2059.547,466.974,2552.6,364.093,3016.523,276.241,19.389,19.179,18.092,17.105,16.811,16.666,36.111,5.379,5.351,4.949,3.974,3.092,2.449,4.823,3920.15,1669.44,-204.605,106.975,-10.208,45.586,3.035,24.003,-7.504,20.066,-5.168,8.738,-10.106,4.365,-6.959,4.703,-8.222,-0.816,-9.629,-7.386,-9.435,-3.134,76.098,29.654,18.803,15.416,15.248,12.846,13.378,11.628,12.501,9.158,8.9,8.643,7.761,7.358,8.432,7.23,7.586,7.424,6.231,6.839
91_unhealthy.wav,0.15,0.043,2448.332,506.809,2126.866,289.478,2519.501,247.715,2887.264,204.81,29.263,15.247,18.255,17.736,16.599,18.21,41.769,4.747,3.728,3.985,3.245,2.386,2.509,2.972,4732.192,1079.895,-74.308,100.111,-47.358,49.609,-18.405,24.609,-15.911,23.892,-22.828,23.325,-16.943,14.925,-11.496,4.22,-13.625,4.477,-11.66,4.324,-10.593,-0.847,28.887,21.088,17.143,10.852,8.239,6.949,7.95,6.52,5.782,7.143,5.887,5.602,5.404,5.112,5.428,5.068,5.598,5.459,4.869,4.903
87_unhealthy.wav,0.129,0.028,2323.404,335.713,2208.601,210.615,2630.74,169.988,3016.039,137.891,17.641,14.675,17.98,18.394,18.355,18.034,43.877,3.551,3.526,3.826,3.278,2.875,2.796,3.79,4805.81,841.549,-42.663,102.989,-36.878,44.517,-11.996,25.577,-22.669,28.337,-19.272,21.483,-15.259,11.748,-11.576,4.786,-13.025,4.361,-11.952,0.897,-0.475,1.3,27.753,12.865,12.893,9.026,9.655,8.087,7.152,6.09,5.614,6.179,5.949,5.622,4.96,5.613,5.384,5.596,4.909,6.781,7.385,6.232
73_unhealthy.wav,0.11,0.049,2223.729,544.426,2287.03,229.952,2698.85,172.382,3081.335,147.085,16.292,15.336,17.515,17.538,17.717,16.484,42.826,3.849,3.918,4.266,3.586,3.247,2.529,2.75,4915.399,967.507,-61.696,103.566,-16.916,49.248,-14.816,31.692,-17.215,24.615,-14.486,18.019,-11.673,11.47,-9.824,8.855,-8.565,4.409,-8.276,1.591,-7.034,-0.826,42.725,18.772,13.383,10.909,8.073,8.357,8.185,6.593,7.42,8.258,6.204,6.824,6.324,5.594,5.517,5.551,5.478,7.023,5.697,6.153
164_healthy.wav,0.075,0.026,1801.271,579.1,2287.926,458.358,3013.04,373.332,3663.023,305.356,21.481,18.189,21.225,19.955,19.734,18.222,16.12,4.887,4.039,4.076,3.676,3.293,2.523,2.054,3750.275,1678.12,-125.98,117.342,-0.067,10.211,4.489,2.178,-3.64,3.383,1.739,4.557,0.841,2.426,-3.111,-2.84,-6.115,-5.26,-1.807,-3.209,1.276,5.806,45.533,24.422,17.258,14.452,11.889,11.677,10.232,10.5,8.912,8.43,8.572,8.322,8.196,7.877,8.346,8.718,9.293,10.569,9.815,8.896
175_healthy.wav,0.131,0.107,3382.479,1239.774,3371.711,405.099,3851.298,269.274,4262.835,220.711,21.054,18.02,20.925,19.643,19.159,17.918,15.45,6.145,5.656,4.99,4.376,4.421,3.191,1.693,7752.153,1853.516,-93.604,59.692,32.112,13.114,13.28,-6.868,2.331,-7.89,2.289,4.489,-4.044,2.673,-3.085,-5.747,-1.521,-1.197,-3.054,-1.096,2.383,4.75,65.215,35.949,24.12,22.071,15.435,18.99,14.93,15.967,12.256,12.088,12.911,11.043,9.935,9.456,8.657,8.725,9.57,10.491,10.28,10.445
16_unhealthy.wav,0.143,0.034,2447.619,358.536,2222.55,209.149,2605.579,172.515,2960.348,138.316,19.517,13.05,16.02,15.755,15.788,16.524,44.758,2.761,3.578,3.595,2.753,2.133,1.711,2.407,5011.782,802.294,-15.673,100.085,-37.598,45.951,-20.772,25.64,-18.629,26.507,-20.164,21.12,-13.65,10.966,-15.53,3.682,-7.706,3.933,-8.118,6.947,-2.059,3.9,18.38,13.601,13.125,11.247,9.328,7.325,7.096,5.891,7.122,6.668,5.961,6.727,6.184,6.173,6.106,5.16,6.562,6.928,5.789,5.994
81_unhealthy.wav,0.136,0.059,2493.972,574.744,2228.16,275.822,2595.917,235.412,2943.53,197.017,25.697,15.829,19.953,18.739,18.533,18.13,40.648,7.109,5.027,4.814,4.104,3.514,2.823,3.435,5075.0,1030.419,-121.467,89.527,-33.49,41.959,-25.94,23.04,-20.253,14.366,-16.338,17.046,-16.962,9.145,-10.107,4.205,-9.36,1.612,-10.548,1.075,-1.64,7.539,71.7,26.639,16.204,15.07,12.431,10.904,11.702,10.099,10.514,10.282,8.236,8.155,7.154,8.277,7.927,7.588,8.544,6.742,7.972,8.6
174_healthy.wav,0.162,0.085,3654.036,938.61,3296.365,334.925,3696.166,241.004,4042.523,194.237,20.14,15.154,19.015,19.193,17.65,17.269,15.49,4.651,4.509,4.759,3.97,3.802,3.186,1.893,7861.792,1300.65,-8.573,54.296,20.964,13.1,9.716,6.022,10.731,6.107,0.697,5.004,-3.447,0.875,-1.937,-2.783,-2.667,-3.311,1.708,-0.153,4.847,2.906,55.027,23.152,20.568,13.007,10.347,11.042,9.931,8.21,8.239,9.333,8.604,7.267,7.934,7.007,7.409,7.407,7.525,7.644,8.795,8.727
39_unhealthy.wav,0.123,0.037,2532.395,473.911,2729.918,308.021,3365.978,227.861,3926.669,166.566,29.478,14.77,15.505,18.924,19.902,17.226,15.067,5.807,4.293,3.393,3.502,2.996,1.95,1.178,5405.908,1354.115,-50.849,86.402,-14.424,12.83,21.692,4.235,1.741,3.704,4.683,-1.864,-1.196,-0.018,-4.127,-5.765,-1.067,2.296,-1.576,-3.857,-6.145,-5.379,35.7,18.705,14.633,8.984,11.615,7.69,7.202,6.05,6.109,5.585,4.626,4.669,5.415,6.043,5.132,4.249,4.149,4.403,4.308,4.146
148_healthy.wav,0.127,0.07,3126.937,908.088,3219.487,369.52,3734.112,270.924,4179.534,239.84,26.155,15.999,18.27,18.272,18.357,16.227,15.919,4.944,5.125,4.865,4.137,3.467,2.241,2.144,7261.96,1762.799,-45.029,69.755,11.874,8.16,12.596,7.755,11.303,0.251,9.658,2.806,3.857,-0.845,2.1,1.123,0.007,0.748,-1.474,3.673,4.469,4.199,59.472,28.835,20.097,18.379,14.264,16.097,11.135,11.398,10.668,9.241,8.708,8.029,9.123,9.747,10.595,10.362,11.378,10.269,10.873,9.262
113_healthy.wav,0.126,0.058,2656.176,758.297,2660.856,439.41,3222.02,361.127,3731.161,298.206,22.221,15.901,18.91,18.768,19.284,18.563,15.93,4.714,4.059,4.047,3.373,2.938,3.008,1.751,5502.033,1655.822,-50.827,80.233,-9.298,20.284,12.088,6.781,6.278,3.426,-3.956,2.574,-5.701,0.491,-0.572,-0.589,-3.399,-6.794,-5.518,-1.623,-1.606,-1.511,47.229,25.697,20.387,12.471,12.517,10.401,8.864,8.7,8.543,10.349,7.585,8.037,8.066,7.741,7.681,8.653,8.362,7.258,8.19,10.462
41_unhealthy.wav,0.148,0.058,2782.586,652.98,2689.218,345.482,3260.139,291.311,3775.627,249.967,29.1,14.502,17.54,18.515,19.163,17.944,15.057,5.434,3.883,4.196,3.606,2.913,2.378,1.307,5648.036,1357.132,-35.4,73.691,-20.22,17.178,14.949,10.215,7.601,1.59,4.175,0.746,-0.387,-1.312,-2.04,2.529,3.611,-3.543,-4.797,-2.503,-3.978,-0.824,37.665,22.265,16.575,13.99,11.164,8.171,8.688,7.313,6.383,6.314,6.573,5.738,5.788,6.134,7.164,5.544,4.834,5.676,6.272,6.029
52_unhealthy.wav,0.089,0.082,2127.191,1307.45,2439.102,736.174,3120.502,605.709,3731.401,496.486,18.895,17.152,20.426,18.573,18.248,18.556,15.473,4.705,5.172,5.005,4.317,3.6,3.92,2.011,4376.328,2667.477,-181.23,103.432,9.386,19.079,13.772,-0.521,4.389,-7.614,-8.117,-0.137,-5.182,-6.306,-5.452,-5.978,-1.174,-2.67,-5.187,-5.286,-5.795,-3.709,97.673,44.065,27.692,17.826,14.195,16.604,12.743,9.826,10.542,9.549,9.44,9.036,7.556,8.107,7.461,7.225,6.889,8.332,8.036,7.511
162_healthy.wav,0.112,0.087,2934.257,1166.071,2908.847,533.927,3468.586,394.86,3966.029,290.01,19.844,17.534,18.482,17.708,17.291,19.383,15.044,5.626,5.52,5.168,4.223,2.973,4.213,1.354,6050.38,2242.47,-65.171,65.454,4.111,32.743,16.914,-5.82,14.965,-0.239,9.035,8.437,-6.578,-4.48,-2.632,3.456,1.601,-0.694,3.2,1.044,-1.165,-4.721,50.826,33.729,26.105,19.71,15.167,18.216,12.288,12.038,12.222,12.501,9.831,8.169,8.777,8.175,7.57,8.181,8.593,7.232,9.195,9.316
46_unhealthy.wav,0.118,0.041,2397.731,664.793,2500.476,467.667,3092.364,388.542,3636.242,318.065,26.964,14.268,18.522,20.147,20.118,17.248,15.322,4.998,3.903,4.606,3.641,3.456,2.471,1.365,4993.521,1656.566,-83.055,91.506,-13.688,16.135,10.328,5.533,-9.452,-6.618,-3.034,4.934,2.64,1.05,-3.672,-1.609,-4.437,-1.867,2.009,-1.025,-3.181,-2.296,50.433,26.683,20.889,9.226,9.044,8.902,8.722,7.457,7.766,6.221,5.973,6.61,7.136,6.856,7.062,5.783,7.25,6.895,6.724,7.698
51_unhealthy.wav,0.121,0.076,3009.688,867.877,3054.893,295.773,3528.449,205.288,3959.211,178.015,18.032,15.174,19.691,18.139,15.931,16.155,15.262,4.614,4.26,4.464,3.662,2.883,2.502,1.407,6708.692,1321.955,-66.285,66.775,25.184,26.297,5.292,10.456,2.47,0.752,-0.371,1.726,3.214,5.035,-1.942,-3.078,0.379,-0.78,3.714,2.397,0.198,-1.701,48.464,24.041,18.741,11.53,11.445,8.766,9.266,8.404,8.115,8.374,6.819,7.481,7.241,7.345,7.53,6.245,7.658,7.631,6.732,6.68
197_healthy.wav,0.105,0.064,3105.925,1136.453,3161.458,449.875,3670.742,308.39,4117.213,224.524,24.621,19.045,21.773,21.419,19.481,17.694,15.513,5.786,5.053,5.226,4.878,4.08,2.914,2.178,6905.005,1967.626,-59.052,61.004,27.744,23.85,12.298,7.377,12.317,7.14,13.407,2.497,-1.969,-2.417,-4.516,3.472,2.044,3.731,2.502,1.277,3.119,1.651,58.974,30.38,24.975,18.912,13.255,12.957,10.155,11.36,9.144,8.398,8.792,8.032,10.009,11.364,10.515,13.133,10.979,10.35,11.318,10.528
47_unhealthy.wav,0.156,0.072,2967.01,729.132,2694.968,374.436,3201.565,329.417,3666.309,285.253,25.339,12.665,16.45,16.945,16.923,18.139,15.701,5.691,3.822,4.302,3.692,3.316,2.589,1.921,5931.781,1412.816,-58.312,62.513,-12.655,31.944,8.116,2.261,3.907,1.453,-2.713,1.106,-0.46,-2.38,1.242,-1.496,-0.467,1.043,-2.067,-1.509,-3.21,-5.058,43.073,26.243,18.3,16.57,10.358,11.17,13.234,10.249,9.425,9.22,5.945,7.011,7.264,6.85,7.089,8.325,7.289,7.206,6.823,5.991
133_healthy.wav,0.229,0.137,4158.556,1269.09,3417.057,330.592,3813.375,243.259,4143.387,237.4,18.658,15.537,18.645,17.341,17.753,16.98,15.764,5.323,4.882,4.764,3.981,3.579,2.494,2.036,8431.448,1490.619,-113.163,41.598,21.518,11.098,17.437,0.61,3.03,0.085,3.452,0.287,0.619,1.262,2.898,-0.776,0.216,-1.407,-0.757,-0.868,-1.536,1.072,78.684,29.635,24.935,20.322,15.409,14.605,11.427,12.27,12.22,9.626,9.174,8.607,8.533,6.968,7.543,6.965,7.524,8.625,9.006,8.937
88_unhealthy.wav,0.162,0.06,2569.004,546.546,2083.566,279.847,2457.991,253.185,2807.93,224.755,20.056,15.446,18.203,17.785,17.361,17.277,40.002,4.237,4.841,5.186,4.582,3.694,2.46,3.58,4872.916,970.741,-117.974,84.058,-50.268,46.05,-17.698,20.856,-21.641,16.672,-12.953,12.838,-13.08,11.311,-12.597,4.382,-12.073,0.67,-6.798,4.459,0.24,0.442,66.669,26.776,18.193,15.181,9.322,9.412,10.491,8.179,9.161,8.221,8.259,7.208,8.296,6.745,7.231,7.005,8.265,9.46,9.744,10.301
5_unhealthy.wav,0.077,0.018,1530.004,335.359,1591.272,356.842,2084.763,396.31,2568.005,404.765,26.634,15.265,18.757,16.519,18.564,18.889,38.916,5.189,4.023,4.643,3.506,2.774,3.174,6.298,2856.347,795.414,-62.365,153.79,-55.131,28.01,-6.85,17.464,-22.615,18.141,-12.584,4.502,-8.39,7.217,-2.523,4.845,-6.276,-0.714,-2.278,-5.245,-5.225,-6.277,39.655,31.228,14.939,11.969,12.537,9.993,13.789,8.862,11.528,8.702,7.863,6.896,6.906,5.36,5.649,6.722,5.21,6.471,5.37,5.783
14_unhealthy.wav,0.084,0.075,1797.814,945.714,1980.178,454.257,2456.165,368.656,2912.135,305.027,17.482,17.852,18.55,17.557,18.306,18.079,34.113,5.402,5.389,5.134,4.008,3.667,3.285,6.357,3805.856,1713.451,-256.372,103.125,-8.428,48.586,-4.188,17.34,-6.682,17.038,-4.612,5.319,-10.018,8.226,-6.208,3.425,-3.657,1.701,-5.409,-3.248,-3.875,-1.037,111.824,36.639,25.546,19.004,20.746,14.497,16.791,13.748,13.819,10.495,11.52,9.958,9.433,9.434,8.997,7.864,7.765,6.57,8.639,7.521
109_healthy.wav,0.121,0.089,2865.088,984.435,3008.148,378.431,3568.099,282.077,4062.62,229.496,21.671,15.676,18.621,19.671,19.519,18.396,16.016,4.88,4.081,4.434,4.081,3.154,3.019,1.778,6400.84,1712.765,-52.422,74.033,12.681,24.496,21.098,1.904,6.81,4.73,8.409,8.244,-2.275,-1.198,-2.679,0.263,-1.06,-0.839,-1.249,-2.334,3.813,0.295,47.091,24.535,25.257,12.672,10.913,12.073,9.235,7.739,8.269,7.49,7.759,6.92,6.33,7.048,5.702,6.509,7.785,7.31,7.384,9.439
124_healthy.wav,0.178,0.1,3734.181,1207.307,3295.85,426.691,3717.322,304.844,4077.938,244.591,21.276,16.544,19.537,18.229,18.109,16.497,15.027,5.398,4.526,5.465,4.972,4.136,3.246,1.795,7831.866,1807.624,-44.29,51.353,24.983,12.159,10.878,7.619,8.215,-0.764,5.95,4.755,-2.509,1.324,-1.954,-0.451,0.24,-1.999,-1.963,-1.033,0.523,-0.377,68.335,31.344,26.993,19.633,13.324,14.078,11.533,10.159,11.061,9.502,8.405,8.443,8.328,7.62,7.601,8.036,8.27,8.273,7.502,9.596
196_healthy.wav,0.106,0.066,3032.185,983.828,3305.408,444.827,3814.806,323.638,4255.652,278.168,22.829,17.357,19.36,20.072,18.533,17.035,15.919,6.168,4.615,4.75,4.259,4.074,2.53,2.142,7365.621,1888.484,-36.639,73.078,39.135,20.312,12.493,2.148,11.729,-2.423,6.639,3.171,-5.385,-3.143,-5.773,-7.677,-7.603,-6.836,-6.102,-1.573,2.119,-1.569,56.389,29.313,22.157,18.233,13.002,13.451,11.031,11.198,11.27,8.798,9.316,8.801,8.36,8.091,7.074,7.833,8.467,8.536,8.707,9.012
146_healthy.wav,0.125,0.086,2819.792,1076.978,3036.897,580.992,3610.978,448.475,4108.071,376.588,22.053,15.738,19.302,19.199,19.404,19.445,16.053,5.597,5.061,4.81,4.915,4.389,4.505,2.198,6447.629,2470.044,-71.623,81.108,16.361,8.948,13.827,-0.754,12.511,-0.654,3.036,3.063,-3.225,-1.329,-0.655,-3.994,-0.942,1.919,3.53,5.998,6.095,2.575,73.708,33.594,31.311,19.978,15.698,16.489,14.857,12.487,11.253,11.223,10.973,8.699,8.616,9.285,7.528,7.815,8.402,10.281,10.097,8.974
58_unhealthy.wav,0.099,0.065,2422.72,1001.369,2787.52,482.039,3413.569,335.058,3963.698,238.767,18.817,16.069,21.697,22.425,20.803,18.943,16.427,3.987,3.889,4.501,4.011,3.526,2.812,2.246,5471.574,2055.025,-142.008,96.975,23.254,10.456,6.294,4.963,1.071,1.104,-4.849,0.872,-3.449,-2.011,-5.901,-6.031,-2.114,-6.168,-0.304,5.094,0.128,1.672,35.78,29.401,17.989,12.069,10.367,9.006,8.822,7.42,8.057,7.906,7.576,7.85,7.385,7.008,7.626,7.764,8.67,10.386,9.888,9.709
127_healthy.wav,0.103,0.062,2498.886,995.805,2844.923,528.312,3486.832,370.156,4044.655,271.508,23.054,16.148,20.404,20.438,20.544,17.859,15.556,4.607,3.869,4.394,4.051,3.928,3.38,1.941,5507.104,2229.827,-73.373,97.492,16.854,-0.594,7.182,4.868,0.757,-5.548,0.998,4.929,-5.833,-4.928,-0.031,-3.037,-0.148,-2.375,0.728,0.689,1.968,0.802,64.502,28.381,23.199,16.159,16.337,13.283,11.833,12.633,10.788,9.97,8.859,9.271,8.473,8.626,9.336,9.365,8.951,8.181,9.531,8.912
66_unhealthy.wav,0.107,0.053,2103.481,632.439,2165.137,367.074,2612.761,305.613,3028.929,258.666,20.905,18.128,20.983,19.581,19.08,18.214,36.009,4.213,4.346,4.714,3.922,3.772,2.704,4.391,4428.979,1315.995,-245.101,95.093,-21.264,45.65,-3.552,14.97,-20.682,19.521,-21.716,7.319,-9.291,0.815,-13.008,0.062,-8.231,1.059,-8.032,-0.399,-4.358,-4.223,95.234,28.413,24.768,16.811,12.477,15.835,14.188,10.789,14.357,10.819,9.455,8.999,7.904,9.313,7.07,8.609,7.706,6.685,7.395,6.909
49_unhealthy.wav,0.091,0.054,2046.494,1106.86,2326.029,839.781,2929.171,725.437,3502.555,603.357,17.118,15.576,18.924,20.633,18.47,17.868,16.091,4.299,3.704,3.983,4.575,3.47,2.543,1.923,4441.527,2604.436,-142.405,116.138,2.247,31.061,6.186,0.12,0.32,7.791,3.247,-3.015,1.709,0.736,0.143,-4.42,-4.471,0.509,1.224,-0.16,-2.617,-4.443,99.414,46.204,21.297,13.733,11.827,9.111,7.798,7.508,7.266,8.619,7.063,6.948,6.686,6.172,7.212,5.997,5.796,5.9,6.005,6.448
19_unhealthy.wav,0.128,0.043,2297.62,406.418,2120.379,251.78,2515.431,220.523,2889.071,190.793,20.863,13.259,16.622,15.198,16.514,16.967,41.357,4.04,3.504,3.797,2.918,2.741,2.581,3.248,4677.052,886.549,-84.187,102.344,-41.351,47.033,-16.947,26.234,-18.95,18.797,-21.695,11.054,-19.239,5.234,-16.756,1.1,-9.67,1.099,-7.538,3.246,-4.715,-0.322,44.808,16.882,15.823,14.05,7.987,8.699,8.371,8.516,8.4,8.959,7.112,7.407,5.24,6.369,6.314,5.936,6.176,6.124,5.261,4.675
33_unhealthy.wav,0.075,0.027,1654.359,488.174,1945.028,447.389,2563.907,411.164,3174.367,365.657,20.769,14.738,19.548,19.275,20.964,17.71,16.951,3.645,4.304,4.539,3.541,3.81,3.039,2.01,3408.225,1241.353,-119.038,128.898,-17.832,29.174,2.717,7.999,-7.063,3.872,-1.517,-3.986,-7.041,-2.868,-4.18,-1.848,-2.951,-2.255,-0.574,-0.1,-2.796,-2.625,50.511,29.476,19.113,9.816,10.888,9.39,10.099,8.418,7.753,7.706,7.142,6.151,6.558,7.218,7.695,7.846,8.015,8.211,6.589,7.005
114_healthy.wav,0.052,0.04,2121.091,993.366,2905.731,495.683,3582.405,297.24,4159.752,203.334,24.756,20.541,22.328,20.088,20.124,19.328,16.434,5.009,5.091,4.541,4.488,4.486,4.684,2.807,5147.934,2622.343,-161.621,85.575,53.264,32.207,27.182,11.316,7.89,8.76,1.26,13.195,0.066,4.827,3.108,2.348,3.674,-2.878,-2.617,-3.156,-1.192,-1.473,71.385,29.367,21.708,16.988,9.062,13.153,9.875,10.52,9.51,11.925,10.531,7.876,9.235,8.322,6.962,9.005,6.733,7.318,7.462,6.732
42_unhealthy.wav,0.138,0.065,2761.78,782.513,2731.258,456.342,3265.483,384.385,3757.116,317.12,22.752,14.793,17.032,16.38,17.512,16.895,14.84,5.129,4.188,4.474,3.88,3.151,2.67,1.446,5839.237,1661.529,-74.184,76.735,-3.804,28.034,8.136,6.016,4.3,0.506,2.846,-0.945,-2.355,-0.286,-1.456,-3.608,-1.527,-1.517,-5.024,-2.399,-2.979,-4.95,59.759,26.764,22.691,16.219,13.138,9.134,9.624,7.02,8.264,6.591,8.464,6.439,6.751,6.039,5.69,5.996,5.521,5.208,5.276,4.994
118_healthy.wav,0.126,0.05,2776.772,611.292,2795.402,416.215,3290.462,339.953,3745.938,288.763,17.374,15.379,16.575,16.82,16.746,16.867,16.748,4.414,4.731,3.86,2.968,2.431,2.175,1.762,6097.968,1360.711,-53.104,78.314,2.262,18.83,3.871,2.512,-3.809,6.807,-0.819,8.752,-4.802,-2.152,1.293,-1.743,-1.942,-1.59,2.628,2.426,4.018,3.907,30.276,20.363,28.82,14.728,12.803,11.489,8.819,10.477,7.975,7.94,7.74,6.844,6.18,5.868,5.919,6.085,5.663,6.503,6.29,6.694
106_healthy.wav,0.107,0.05,2235.16,757.087,2421.157,460.441,3034.326,420.991,3597.092,398.321,24.169,16.386,19.026,20.353,19.338,19.506,19.904,4.882,4.895,4.801,3.928,3.588,3.673,5.574,4646.451,1693.024,-113.554,90.018,-5.541,25.571,2.611,3.192,1.131,6.151,2.8,-1.86,-7.115,-3.447,-5.915,-4.347,-4.942,-4.378,-3.307,-5.423,-0.566,-2.171,141.076,21.327,28.836,14.04,10.071,12.171,9.766,11.333,10.241,11.194,9.456,9.075,7.837,8.371,9.334,6.477,6.888,6.877,6.709,6.744
176_healthy.wav,0.159,0.098,3612.635,961.341,3205.789,314.565,3619.451,240.009,3974.27,204.772,22.866,17.644,20.119,18.761,18.792,18.793,15.487,5.157,5.157,5.297,4.617,3.832,4.161,1.934,7630.848,1284.751,-68.86,40.489,25.371,35.757,13.384,2.828,12.753,4.485,3.352,10.027,-2.38,2.991,-1.797,-3.383,-1.54,-1.655,-3.514,1.379,2.029,1.507,56.867,25.79,18.067,17.09,13.011,13.797,11.703,9.749,9.469,9.147,9.239,8.191,9.478,7.437,7.633,7.833,7.977,8.79,8.824,9.571
157_healthy.wav,0.146,0.131,3649.902,1453.351,3228.463,482.586,3701.788,353.831,4108.011,281.397,21.26,17.325,18.417,18.257,18.536,18.671,16.314,5.532,5.692,5.377,4.201,3.893,3.908,2.168,7538.553,2162.426,-80.397,35.972,20.435,26.348,17.4,4.579,13.495,3.621,7.327,5.482,3.962,5.32,3.54,0.519,0.192,-1.124,3.529,1.439,0.469,-1.793,77.717,41.005,29.625,21.183,15.655,14.914,12.678,11.726,11.727,11.857,10.561,10.238,10.453,9.306,8.94,9.625,8.128,8.454,7.954,9.669
92_unhealthy.wav,0.151,0.031,2445.161,328.626,2106.12,162.425,2516.51,135.657,2898.97,116.059,28.438,15.209,18.456,16.983,16.817,17.246,42.133,4.698,3.704,3.968,3.277,2.441,1.866,2.329,4662.68,676.452,-70.112,94.167,-50.333,46.957,-16.108,19.987,-23.956,16.344,-22.18,14.428,-20.087,12.139,-14.773,4.905,-13.624,0.823,-15.06,-1.612,-16.09,-2.187,23.808,14.145,9.392,7.866,7.09,6.014,6.166,6.053,5.515,5.906,5.471,5.069,5.308,5.35,5.143,5.104,4.67,4.883,4.588,4.855
141_healthy.wav,0.096,0.038,1942.154,508.177,2320.782,424.133,3049.901,373.325,3709.406,324.833,22.521,16.509,20.862,20.88,22.678,21.772,16.706,5.799,4.574,4.324,3.956,4.277,4.453,2.436,3789.777,1356.666,-76.91,113.308,-6.224,19.93,15.107,-3.284,4.783,1.014,2.295,-0.014,-3.773,4.24,2.302,-2.915,4.522,3.423,-0.546,-0.572,0.637,-2.001,75.957,21.139,19.949,11.493,10.0,11.979,8.754,7.611,7.363,7.417,6.685,8.223,9.741,8.025,7.619,8.532,8.893,9.351,8.162,10.36
71_unhealthy.wav,0.091,0.035,2025.145,469.185,2215.085,266.022,2664.595,219.374,3084.214,190.726,14.807,14.515,17.426,17.642,17.561,16.614,41.247,3.886,4.181,4.237,3.765,2.964,2.51,3.041,4570.393,1000.481,-79.82,109.937,-17.136,47.214,-11.934,33.329,-11.712,23.636,-13.677,18.446,-6.949,13.038,-11.59,9.099,-5.957,4.915,-8.714,3.711,-5.102,2.628,57.366,18.979,15.9,14.927,11.37,9.378,9.5,7.862,9.51,8.245,7.995,6.542,6.506,6.547,5.317,6.343,7.086,6.396,8.065,7.574
180_healthy.wav,0.073,0.075,1910.509,973.5,2396.178,555.963,3068.089,476.545,3685.699,402.905,25.091,16.108,19.181,17.966,17.846,18.58,15.832,3.602,4.756,4.585,3.767,3.284,3.644,1.572,4218.701,1979.302,-273.318,103.153,8.713,31.705,12.51,3.49,3.933,-0.154,-3.906,3.233,-6.365,-1.543,-3.217,-6.771,-3.811,-6.239,-5.618,-4.019,-2.394,-3.081,86.007,34.66,22.621,13.938,10.331,13.708,8.549,8.048,8.575,7.735,6.514,7.071,5.803,5.616,7.122,6.459,7.269,7.076,7.512,7.713
83_unhealthy.wav,0.093,0.028,2083.742,434.019,2242.695,250.793,2666.362,194.054,3069.756,154.131,25.188,15.467,19.673,19.258,18.488,17.612,40.489,4.926,3.78,4.306,3.991,3.784,2.843,2.757,4651.863,912.56,-119.151,107.442,-10.973,58.555,-12.933,26.834,-17.647,19.372,-15.605,13.571,-16.671,11.87,-12.196,5.236,-6.175,4.253,-8.04,3.527,-7.686,-1.34,37.247,16.564,14.047,7.657,9.031,7.571,7.152,7.111,6.612,7.349,6.772,5.822,5.914,6.463,6.392,6.297,6.527,5.841,7.143,6.621
6_unhealthy.wav,0.087,0.036,1657.609,454.264,1653.43,284.562,2101.808,276.249,2551.863,267.693,20.733,19.375,20.24,20.322,19.635,19.739,38.586,4.939,4.711,4.495,4.297,3.755,3.113,3.841,3235.826,855.034,-98.386,136.575,-46.714,46.477,-17.152,10.548,-14.581,16.551,-12.313,3.702,-12.648,2.951,-12.505,0.11,-0.782,-5.689,-8.63,-1.89,-2.185,-3.398,51.911,25.907,18.423,15.976,14.617,12.152,10.811,10.634,9.971,9.267,9.374,8.873,8.033,7.895,8.496,7.951,8.103,7.277,6.411,6.704
155_healthy.wav,0.136,0.091,3477.594,1167.558,3296.384,399.698,3743.514,294.723,4127.626,264.41,18.829,16.512,19.982,19.549,17.866,19.11,17.242,5.765,5.369,5.185,5.268,3.847,4.799,2.955,7642.805,1775.166,-46.889,55.892,26.08,16.541,7.097,-3.345,9.255,-0.85,8.308,7.122,-0.543,1.757,-1.83,5.211,-3.09,-0.855,-3.867,-2.339,-0.23,2.216,66.581,30.749,23.734,15.666,14.583,18.113,13.756,10.279,10.934,11.285,11.074,9.047,8.82,9.416,7.461,9.533,9.133,10.093,8.939,10.064
102_healthy.wav,0.149,0.099,3681.495,1179.573,3434.341,424.244,3829.35,314.156,4168.163,280.149,17.731,15.648,20.136,20.2,19.356,18.105,15.983,5.16,5.421,5.661,5.091,4.302,3.847,2.125,8056.316,1645.994,-59.167,45.314,36.863,15.699,15.665,1.669,7.293,8.812,5.828,7.989,-2.28,1.904,-0.915,0.042,0.097,-0.829,5.575,3.823,5.579,4.932,73.673,37.959,29.921,22.241,18.295,18.137,14.817,13.68,13.739,12.158,10.645,10.407,10.779,9.924,9.661,11.388,14.329,13.076,12.904,12.458
172_healthy.wav,0.191,0.115,3858.363,1017.087,3277.561,313.502,3665.3,234.987,3993.539,210.295,17.645,15.42,18.631,17.312,17.332,16.923,15.382,5.538,4.479,5.506,4.195,3.448,3.034,2.298,8033.575,1287.496,-52.584,37.492,14.083,18.178,16.778,5.952,6.421,2.691,-0.444,3.217,-3.943,1.62,0.317,-0.137,-0.512,-1.567,2.07,1.239,4.586,1.627,52.12,27.866,21.813,15.001,12.418,14.023,11.506,10.86,10.276,9.95,9.902,9.348,9.803,10.134,10.716,10.551,10.365,9.428,9.792,9.291
48_unhealthy.wav,0.085,0.028,1628.571,343.042,1700.504,231.561,2220.019,214.439,2763.029,210.673,27.289,16.128,17.292,18.577,18.37,18.985,20.371,4.773,3.72,3.773,3.325,3.009,2.477,3.334,3164.989,710.572,-93.359,137.467,-45.092,37.812,-9.42,12.595,-7.481,5.539,-3.74,-2.011,-2.459,-9.579,-3.168,-5.562,-7.494,-5.684,-2.015,-3.879,-6.209,-8.088,36.626,22.703,12.605,12.411,11.928,9.85,7.145,8.071,7.91,6.156,7.37,6.825,7.544,7.557,6.952,6.45,6.967,8.306,6.456,8.166
9_unhealthy.wav,0.043,0.02,1156.874,523.473,1598.229,508.872,2208.058,488.367,2773.578,457.196,28.342,18.106,19.98,20.163,19.679,16.359,33.691,5.445,4.688,4.489,3.772,3.743,2.602,5.605,2323.063,1434.404,-178.603,154.005,-4.959,21.929,-2.054,23.674,-1.285,11.562,-6.027,4.947,-2.94,5.409,-4.124,2.984,-5.322,-8.831,-11.077,-3.206,3.858,3.554,68.943,29.764,21.367,14.184,11.67,8.735,11.33,8.457,10.507,8.277,7.914,6.104,7.953,7.207,7.058,7.59,6.344,5.477,5.736,5.698
117_healthy.wav,0.153,0.086,3439.794,943.172,3210.093,350.38,3656.784,260.684,4045.07,238.426,20.608,17.347,18.429,18.216,17.699,16.509,15.239,6.052,4.86,4.794,4.382,3.481,2.754,1.856,7450.946,1559.635,-97.054,51.835,18.752,20.487,5.611,3.576,5.574,0.741,7.338,1.658,-2.698,-0.442,-1.084,-3.451,-2.476,-3.303,-2.228,-2.65,-2.744,0.306,80.692,24.875,20.681,17.185,12.515,13.894,12.05,11.916,10.797,8.645,10.207,9.499,7.637,7.658,6.691,6.898,7.238,7.009,7.598,7.903
53_unhealthy.wav,0.188,0.06,3348.003,551.943,2934.726,235.144,3395.266,171.343,3802.783,129.39,17.503,15.081,17.382,16.716,17.427,17.08,15.327,4.189,3.826,4.058,2.966,2.75,2.475,1.561,6907.12,1013.1,4.083,52.609,-11.055,19.704,11.284,7.059,5.063,4.562,0.026,5.154,3.404,1.169,0.582,1.274,0.714,-0.812,-3.014,-1.717,-1.696,-1.294,33.199,15.546,11.045,10.398,9.278,7.853,7.973,6.808,6.812,6.419,6.56,5.623,5.723,5.106,5.066,5.681,5.482,5.843,5.449,6.481
84_unhealthy.wav,0.139,0.064,2548.77,647.328,2377.39,258.063,2761.231,197.668,3112.221,167.133,25.514,13.809,19.231,19.505,18.763,17.148,42.396,4.992,3.856,4.606,4.057,3.326,2.72,3.165,5355.747,1085.392,-94.269,91.891,-17.601,45.527,-15.702,32.636,-18.014,21.571,-15.724,16.807,-18.291,13.341,-15.458,5.205,-11.221,6.207,-7.959,7.711,-4.605,0.535,42.023,21.424,16.434,9.492,12.571,7.661,9.178,7.475,7.96,6.791,7.071,7.211,7.49,6.792,6.918,6.404,7.087,9.057,8.887,7.025
128_healthy.wav,0.102,0.053,2655.112,894.849,2920.192,440.266,3521.663,310.832,4050.003,245.388,22.257,15.956,18.06,18.049,18.72,17.201,15.139,4.838,4.36,4.471,4.479,4.437,3.345,1.506,5910.581,1984.796,-75.359,83.351,10.695,14.46,14.239,7.397,5.281,-0.393,5.721,3.366,-2.523,-4.216,-1.845,-5.907,-1.271,-3.769,-2.854,-0.932,-1.116,-2.716,68.228,28.66,18.704,14.75,12.039,11.478,10.522,9.927,9.998,8.403,7.868,8.073,7.749,7.433,7.297,8.893,9.065,8.562,8.686,9.828
99_unhealthy.wav,0.076,0.047,1549.759,655.884,1782.112,359.422,2310.559,284.614,2813.71,237.458,29.658,18.054,22.824,21.857,21.77,20.383,35.357,4.193,4.42,4.742,3.976,3.797,3.139,5.32,3161.001,1352.275,-235.201,123.872,-22.546,52.952,-1.454,24.661,-7.088,14.89,-12.783,16.718,-2.943,10.081,-15.029,3.119,-7.124,1.796,-7.077,0.023,-2.034,1.15,87.829,28.273,22.778,15.089,13.506,11.241,10.887,9.672,8.906,8.722,8.895,6.753,6.557,8.208,7.621,7.688,8.583,8.746,8.495,7.052
181_healthy.wav,0.128,0.07,3127.011,908.315,3219.722,370.267,3734.35,271.812,4179.772,240.653,26.119,15.967,18.616,18.319,18.275,16.233,15.976,4.894,5.174,5.15,4.09,3.485,2.292,2.155,7262.843,1766.079,-44.987,69.776,11.841,8.118,12.629,7.812,11.339,0.185,9.636,2.841,3.853,-0.842,2.132,1.083,-0.077,0.648,-1.485,3.726,4.554,4.274,59.444,28.832,20.169,18.406,14.282,16.132,11.195,11.322,10.638,9.271,8.697,8.027,9.091,9.783,10.587,10.296,11.377,10.279,10.874,9.274
136_healthy.wav,0.159,0.064,3182.413,729.002,3053.066,330.506,3552.3,219.63,3991.751,158.335,18.406,13.475,16.944,18.182,18.619,16.455,14.579,5.108,3.99,3.972,3.551,3.573,2.475,1.328,6979.481,1458.76,24.325,68.962,-4.227,-1.047,5.24,2.99,4.333,4.281,6.431,3.632,0.111,-0.01,2.062,1.545,3.992,2.814,2.196,1.573,-0.467,0.524,55.276,20.371,17.789,14.471,10.758,11.131,8.78,8.661,8.08,7.998,7.108,7.575,6.767,6.998,7.131,7.128,7.254,7.068,6.617,6.686
191_healthy.wav,0.148,0.088,3578.4,966.989,3335.469,333.292,3748.942,249.604,4105.642,219.283,25.686,17.505,19.521,19.755,18.545,16.32,15.428,4.971,4.639,5.266,4.078,3.651,2.472,1.854,7936.659,1279.638,-44.741,55.062,27.155,19.494,14.694,3.204,5.503,1.426,4.496,1.372,-1.659,-3.534,-7.92,-3.534,-8.194,-3.396,-2.661,4.285,1.354,-0.168,43.738,26.186,20.938,15.076,10.792,12.814,9.48,9.942,9.269,7.71,8.65,6.735,8.311,7.206,7.372,7.285,7.419,7.546,7.884,6.429
145_healthy.wav,0.136,0.074,3119.463,779.381,3018.814,343.239,3551.474,265.34,4018.436,229.854,24.246,15.647,18.95,17.688,17.512,18.535,15.57,5.605,4.983,5.403,4.393,3.726,3.925,2.062,6661.429,1530.379,-47.976,54.154,-3.96,21.494,13.905,5.999,13.759,1.065,6.729,6.221,1.618,0.457,2.416,-5.585,0.311,-0.998,0.643,1.256,2.071,3.029,56.359,22.839,26.397,17.319,13.555,15.394,13.034,11.967,9.213,9.946,8.135,8.009,8.99,8.819,7.916,7.527,9.685,10.077,10.47,9.021
63_unhealthy.wav,0.056,0.053,1676.094,1225.584,2295.709,836.805,3069.313,691.014,3741.224,575.965,21.733,21.447,24.379,22.855,20.765,18.333,15.804,5.026,5.13,5.045,5.247,5.0,3.653,1.718,3433.413,2872.191,-302.824,116.218,44.689,25.963,18.715,7.567,7.334,4.034,-4.182,0.88,0.955,2.821,1.406,-3.474,-0.891,0.592,-0.812,-2.381,0.369,-1.852,88.549,50.505,26.769,23.047,17.147,13.421,12.191,9.775,12.035,11.597,13.342,9.811,11.277,10.287,10.536,7.976,9.886,9.32,8.679,11.219
89_unhealthy.wav,0.073,0.042,1576.633,587.563,1810.976,359.922,2311.468,311.127,2789.043,272.962,27.785,17.545,21.471,21.562,20.738,19.41,37.262,5.264,4.294,5.199,4.382,3.966,3.687,4.057,3334.108,1229.969,-156.298,130.79,-25.23,43.485,-12.139,25.392,-7.94,17.616,-8.628,9.566,-8.367,5.764,-7.048,-1.886,-7.684,3.004,-6.434,-1.306,-7.831,-4.146,53.767,26.048,14.546,13.504,11.425,9.544,10.652,8.115,9.665,8.068,7.886,7.23,7.007,7.241,7.602,7.576,8.16,6.877,8.567,9.71
198_healthy.wav,0.137,0.142,3482.05,1502.228,3313.686,421.127,3794.536,268.342,4203.907,232.917,20.571,16.018,18.099,17.638,17.671,17.726,14.903,5.182,5.403,4.812,4.164,3.583,3.425,1.522,7557.913,2076.945,-125.518,51.232,38.5,14.497,16.244,4.644,12.318,1.178,1.729,9.767,-2.823,2.081,0.858,-0.504,1.34,-0.855,0.499,4.14,1.741,8.225,73.473,34.015,33.573,22.162,16.511,14.828,14.793,13.255,9.402,10.805,9.266,9.137,8.267,7.418,7.483,8.206,8.394,8.519,8.645,10.855
189_healthy.wav,0.172,0.106,3484.356,1141.481,3153.981,417.771,3621.191,294.765,4025.845,239.837,15.698,14.487,18.245,18.366,18.558,18.224,15.34,4.988,4.771,5.089,4.607,4.148,3.874,1.874,7232.333,1956.349,-42.879,54.879,17.034,19.79,6.859,2.769,11.825,1.209,7.942,1.129,-4.077,0.128,-4.239,-4.452,-2.511,-2.888,0.608,0.887,2.315,1.925,89.635,33.358,21.103,18.324,13.988,16.057,12.529,11.104,9.695,9.849,8.409,7.938,8.376,8.321,7.604,7.113,8.397,7.769,8.754,8.542
101_healthy.wav,0.127,0.097,3385.479,1024.904,3411.771,407.745,3854.909,307.144,4238.272,260.718,20.817,17.116,20.365,19.891,19.029,18.117,16.807,5.335,4.527,4.979,3.741,3.786,3.425,2.431,7923.178,1656.85,-94.508,55.671,29.266,27.035,20.047,1.185,12.947,-0.799,8.867,-0.682,-5.343,2.208,-4.614,-0.987,-1.489,3.117,2.504,4.1,9.177,4.742,64.571,24.886,18.036,17.128,11.863,14.994,11.67,12.722,10.933,11.211,9.842,8.612,8.447,7.045,7.832,10.607,9.613,10.624,9.359,9.412
150_healthy.wav,0.066,0.061,1952.04,1033.03,2570.102,648.625,3317.432,497.194,3963.909,397.769,21.451,18.384,21.693,21.246,20.26,22.818,16.796,4.511,4.409,5.081,4.558,4.584,6.976,2.513,4201.689,2562.896,-170.92,105.895,31.077,22.253,12.815,-5.158,11.237,-2.102,-0.153,5.08,-11.545,-3.612,1.387,-6.624,-2.431,-7.361,-2.552,-1.707,-6.14,5.069,72.966,38.289,30.61,19.644,15.39,19.205,15.988,14.975,11.476,12.343,10.876,10.928,9.53,11.503,9.622,11.041,10.563,10.039,10.873,11.488
79_unhealthy.wav,0.109,0.039,2122.312,503.275,2106.633,270.867,2524.948,209.2,2924.231,169.493,27.909,14.175,17.819,17.73,18.082,17.3,40.765,4.985,3.573,4.241,3.873,3.452,2.795,2.957,4452.235,996.567,-91.393,112.116,-27.345,47.978,-19.602,27.719,-18.551,17.433,-13.162,14.42,-15.218,11.526,-12.587,0.905,-10.441,-0.612,-13.482,3.306,-3.709,1.086,42.165,19.942,15.744,9.606,9.138,7.837,8.554,6.306,8.391,7.162,6.796,6.565,5.997,6.476,6.317,6.072,7.133,6.909,7.538,7.362
77_unhealthy.wav,0.106,0.042,2186.157,495.876,2348.76,293.931,2783.794,245.108,3186.638,213.668,17.728,15.028,16.29,17.874,18.419,17.498,41.532,4.853,4.055,4.174,3.575,3.415,2.828,2.721,4989.192,1132.331,-103.964,101.905,-10.34,43.671,-11.511,26.943,-9.996,25.019,-14.214,19.713,-10.531,12.674,-12.69,6.857,-6.086,5.461,-6.244,-1.458,-8.245,-3.274,53.901,18.727,20.657,12.57,11.625,9.19,10.279,7.064,7.163,7.677,6.944,6.981,6.767,7.097,6.062,7.12,6.872,7.56,6.307,5.597
82_unhealthy.wav,0.184,0.064,2933.116,543.154,2430.595,228.675,2753.432,190.615,3041.89,161.624,22.559,14.68,18.292,18.747,17.766,17.354,43.082,5.248,4.321,4.547,4.039,2.985,2.878,2.789,5894.094,830.091,-95.446,78.337,-26.221,44.241,-22.47,29.749,-21.573,23.954,-16.577,20.472,-19.631,13.888,-12.626,6.248,-7.667,7.406,-9.416,9.652,-3.783,1.067,48.431,17.235,17.036,10.739,11.323,9.24,9.572,8.074,6.947,6.874,8.377,7.437,7.971,7.881,7.011,7.313,8.105,9.558,7.9,8.847
1_unhealthy.wav,0.055,0.029,1504.312,459.41,1841.436,343.717,2372.497,312.755,2871.05,292.135,26.136,17.492,19.39,17.601,19.154,18.449,38.418,5.487,4.589,4.462,2.89,3.174,2.911,3.99,3231.579,1145.166,-111.253,134.152,-24.658,41.542,-3.075,28.475,-10.6,14.917,-14.41,8.844,-4.548,9.94,-4.68,3.622,-5.555,3.362,-4.956,-1.478,0.089,-5.348,56.162,27.303,17.846,14.268,11.457,8.577,12.111,7.342,10.908,7.041,8.447,7.876,7.35,5.901,7.027,5.313,6.185,6.167,5.631,6.138
200_healthy.wav,0.096,0.06,2722.327,907.673,3214.816,422.807,3775.458,268.425,4258.487,206.658,20.302,17.098,20.45,19.641,20.156,20.107,15.884,4.664,5.006,4.781,3.843,3.613,5.197,2.109,6798.905,2002.155,-119.37,85.974,33.87,9.981,17.702,0.517,9.579,-5.315,4.175,8.123,-7.983,1.573,-2.931,-1.608,-0.196,-2.435,1.203,5.844,1.612,7.575,67.53,26.251,21.385,13.477,11.022,14.617,11.43,13.411,9.896,9.889,10.139,8.331,7.617,7.473,8.196,7.369,8.334,11.324,11.165,10.937
139_healthy.wav,0.147,0.074,3246.748,865.797,3015.34,341.857,3501.993,245.162,3931.753,186.724,24.169,15.122,18.484,17.552,17.657,16.109,14.876,5.319,4.654,4.887,4.49,3.323,1.929,1.29,6897.37,1475.025,-15.76,59.259,-1.602,12.56,8.738,3.957,2.044,4.224,4.98,2.897,2.329,1.989,1.715,-1.549,-0.61,0.293,-0.002,2.762,2.296,0.056,63.221,23.544,18.501,12.536,11.092,10.019,8.294,8.915,8.4,7.911,7.249,7.689,7.368,7.598,6.895,7.346,8.614,9.449,9.217,9.673
25_unhealthy.wav,0.158,0.044,2493.612,378.0,2117.952,233.534,2492.856,206.153,2846.022,176.338,20.082,13.594,16.725,15.909,16.342,19.091,43.434,3.878,3.758,4.027,3.154,2.676,3.095,2.318,4721.317,837.007,-47.044,95.778,-43.918,52.071,-22.551,20.862,-18.676,19.246,-21.254,21.882,-19.213,9.452,-12.584,3.889,-8.496,6.269,-9.122,2.69,-2.443,-1.879,23.954,16.158,15.883,16.404,11.182,9.291,8.587,7.01,7.098,9.222,6.004,6.885,9.159,6.078,6.416,5.718,5.991,5.494,5.313,4.917
179_healthy.wav,0.143,0.093,3100.788,969.117,2971.2,472.992,3478.237,381.164,3927.18,322.219,20.215,15.514,17.52,16.787,17.244,18.929,15.652,5.971,5.169,5.455,4.547,3.565,4.751,1.934,6591.0,1898.095,-42.779,62.836,4.774,24.059,9.645,-1.878,9.272,-2.962,3.185,5.93,-4.765,3.023,-1.243,-3.518,-0.322,-1.442,-1.863,-0.021,-0.729,-0.986,67.898,32.26,26.302,18.575,16.601,15.438,14.059,11.21,11.423,10.546,9.858,9.25,8.386,7.317,7.069,6.802,7.137,8.06,8.599,8.145
151_healthy.wav,0.119,0.088,3016.803,1165.95,3095.137,434.404,3646.743,315.875,4128.787,265.69,25.001,16.586,19.972,18.713,18.604,18.442,15.733,5.33,5.165,5.348,4.607,3.901,3.815,1.882,6592.874,1973.384,-78.156,65.984,24.558,25.633,13.826,3.599,16.211,0.576,3.31,4.155,2.711,3.645,1.396,2.012,-1.806,-3.956,-0.961,-1.017,-0.469,-0.752,64.282,33.253,30.66,19.102,15.275,16.951,13.601,12.256,10.534,10.0,9.851,9.094,8.153,8.388,7.482,7.375,7.277,7.517,7.277,8.18
93_unhealthy.wav,0.098,0.026,1910.955,394.86,1882.201,302.416,2347.461,285.39,2800.541,256.381,30.01,17.786,20.313,18.415,17.826,18.395,38.761,4.943,4.258,3.819,2.99,2.349,2.601,2.964,3720.198,920.385,-114.786,119.293,-50.734,42.624,-6.702,19.708,-16.884,19.394,-17.41,17.303,-10.873,6.658,-15.767,3.546,-7.766,3.384,-7.694,1.612,-10.709,-0.542,31.655,21.866,14.742,11.63,9.624,9.258,7.646,6.76,7.166,8.162,6.567,5.959,6.688,7.189,6.726,5.702,5.737,5.886,7.017,6.577
23_unhealthy.wav,0.116,0.049,2272.971,630.749,2206.868,348.901,2609.582,275.334,2985.492,211.959,19.405,17.146,19.837,18.542,19.701,19.164,42.895,3.478,4.202,4.375,3.467,3.031,3.222,4.694,4821.581,1305.018,-88.36,105.433,-24.509,41.851,-22.361,23.727,-19.787,15.147,-27.104,13.854,-15.21,8.935,-12.799,-1.113,-10.048,1.779,-7.346,7.095,0.587,2.505,55.243,24.237,12.804,10.72,10.931,11.087,8.884,11.495,10.117,11.356,7.874,6.68,7.178,7.664,9.035,6.719,8.872,7.938,7.815,8.432
60_unhealthy.wav,0.135,0.051,2783.873,791.206,2890.497,479.901,3445.297,365.149,3943.429,266.981,15.963,13.798,18.616,19.068,19.527,17.09,15.39,4.017,3.555,3.856,3.323,3.014,2.513,1.664,6186.907,1885.576,-82.697,83.517,-0.598,10.497,10.425,7.07,5.079,0.079,-0.206,-0.935,-0.097,-1.701,-1.019,0.175,2.396,-0.449,0.851,-1.857,-4.513,-3.196,37.554,22.988,15.024,15.262,8.765,8.287,9.523,8.273,7.664,6.792,6.853,6.757,6.567,7.311,7.596,7.008,8.197,7.953,7.093,6.404
195_healthy.wav,0.129,0.059,2788.605,897.231,2857.757,529.929,3426.38,432.89,3935.424,346.994,19.353,18.235,20.671,20.683,19.861,19.879,16.368,5.445,4.352,4.617,4.647,3.744,3.85,2.196,6081.506,2027.665,-42.241,82.169,-2.227,19.912,13.856,0.853,7.923,-0.712,6.873,-1.901,-4.689,-3.17,-2.937,3.607,-0.066,1.6,0.859,-1.246,2.527,0.781,52.364,29.905,19.682,13.861,10.964,13.31,10.473,9.501,8.063,9.043,7.831,7.902,8.136,9.107,7.81,6.005,9.084,11.511,9.477,7.411
140_healthy.wav,0.187,0.103,3914.428,1049.088,3510.683,352.923,3877.154,241.79,4186.982,184.312,21.222,16.919,19.919,19.323,19.116,19.248,17.409,4.706,4.49,4.644,4.41,4.042,4.668,3.039,8508.671,1327.512,-19.464,51.93,36.986,13.087,14.581,3.204,15.302,-0.782,7.234,10.401,-0.379,6.226,-1.184,-2.121,-1.572,-0.764,0.024,2.841,0.825,1.861,63.541,24.681,25.911,19.218,16.244,14.777,10.636,10.601,9.781,9.639,8.534,8.883,7.413,7.65,8.07,7.515,9.35,9.365,10.155,7.81
55_unhealthy.wav,0.067,0.019,1694.807,520.092,2244.26,457.437,2988.722,391.301,3660.372,336.354,16.762,13.321,16.033,17.751,18.124,17.295,17.45,3.917,3.607,3.84,3.037,3.06,3.452,2.448,3588.201,1624.655,-91.912,129.969,1.837,11.621,3.226,-1.972,-2.219,-0.855,-4.343,-3.543,-1.552,-0.542,0.402,-1.647,-4.572,-2.97,-4.287,-2.672,-3.549,-1.441,45.725,22.154,19.286,14.69,8.787,10.736,7.101,7.883,7.278,7.599,5.721,5.669,6.026,5.873,5.156,5.044,5.228,5.753,5.221,5.192
59_unhealthy.wav,0.087,0.052,2383.584,1058.811,2918.317,578.813,3549.294,387.853,4096.532,269.846,18.625,17.778,22.254,22.09,18.855,17.035,15.931,4.393,4.221,3.832,4.028,3.302,2.497,2.152,5574.169,2496.534,-219.116,94.371,42.788,16.115,9.504,12.891,7.731,2.39,-1.02,-1.954,-1.986,3.147,-0.883,-6.856,-5.074,-4.023,-5.604,-4.995,-2.503,-4.279,46.023,32.815,20.665,17.032,11.527,9.731,7.769,7.139,7.868,7.166,6.816,7.236,5.894,7.249,7.257,7.337,6.7,10.194,9.914,8.048
22_unhealthy.wav,0.138,0.047,2328.658,505.547,2114.345,268.545,2531.368,220.509,2919.697,181.122,16.153,13.091,16.106,16.613,17.064,18.321,43.478,3.188,3.78,3.617,3.152,2.505,3.121,3.148,4580.918,1011.766,-34.634,106.501,-41.06,33.668,-27.23,21.404,-21.319,14.005,-27.782,16.053,-18.819,5.649,-14.294,0.813,-10.534,4.445,-7.469,2.07,-2.9,-0.358,34.239,22.069,19.71,11.121,9.856,9.485,10.449,6.653,10.482,8.878,6.723,6.767,6.755,7.138,6.467,7.304,6.332,7.598,6.387,6.194
75_unhealthy.wav,0.112,0.057,2299.549,643.063,2354.601,276.333,2754.779,204.843,3124.92,176.161,16.46,15.686,18.123,18.347,18.52,16.9,41.409,4.793,4.272,5.608,4.599,4.068,2.936,3.46,5087.79,1108.4,-113.658,94.941,-4.128,51.786,-13.777,34.347,-17.603,22.538,-12.411,17.205,-9.231,9.977,-13.474,7.586,-7.265,3.646,-8.463,0.395,-9.241,-0.287,60.183,25.083,20.038,12.674,12.297,11.585,10.7,9.551,9.18,8.994,8.997,8.476,6.785,7.384,6.523,7.775,7.268,7.57,8.283,8.868
24_unhealthy.wav,0.143,0.045,2303.791,342.923,2047.128,213.083,2443.426,190.694,2823.512,173.403,18.764,14.953,16.991,16.689,18.423,19.597,42.565,3.779,3.903,3.839,3.047,3.186,3.213,2.602,4451.852,694.096,-52.481,99.708,-47.386,47.018,-21.017,22.884,-18.279,13.887,-23.446,13.512,-18.663,5.705,-12.89,1.191,-12.408,0.387,-9.14,1.592,-4.125,0.309,33.063,19.407,20.834,13.645,12.151,10.674,6.886,7.375,8.068,7.959,6.799,6.631,6.438,6.246,5.661,6.192,5.453,5.475,5.586,5.937
64_unhealthy.wav,0.106,0.038,2160.811,383.674,2180.925,275.518,2604.079,225.811,2994.703,187.825,19.869,14.908,18.568,18.639,18.609,17.37,41.258,3.909,4.2,4.582,4.114,3.243,2.346,2.147,4667.026,985.11,-118.802,104.437,-29.189,42.103,-13.3,29.063,-20.866,21.609,-24.331,10.729,-15.099,5.938,-11.789,-0.907,-11.015,-0.199,-6.906,-1.298,-6.32,-2.7,55.017,17.44,20.318,11.124,12.462,11.087,9.025,6.992,8.153,7.793,7.42,6.846,6.596,6.451,7.799,6.581,6.362,6.911,5.756,5.766
94_unhealthy.wav,0.147,0.032,2595.699,305.73,2215.685,192.674,2595.721,169.881,2943.451,149.804,30.677,15.678,18.389,19.58,19.073,17.546,41.512,4.754,3.754,3.861,3.076,2.67,2.037,2.159,5054.715,681.454,-90.24,80.069,-46.363,56.046,-8.093,27.477,-17.327,22.967,-17.591,18.405,-17.44,7.649,-19.299,1.188,-14.477,4.514,-12.767,2.995,-6.411,2.257,24.802,11.636,14.676,7.043,6.004,5.226,5.601,4.73,6.781,6.054,6.178,6.017,5.224,4.93,5.636,5.118,4.966,5.617,5.618,6.198
122_healthy.wav,0.187,0.089,3474.429,896.883,3032.204,395.044,3466.941,303.491,3851.005,229.224,17.936,14.061,16.244,15.528,16.115,16.131,15.055,5.608,4.46,4.589,3.432,2.993,2.962,1.781,7178.009,1576.708,-23.213,53.829,-0.672,14.731,4.88,6.733,4.846,4.954,4.271,3.114,2.548,2.987,4.637,2.853,2.179,1.068,-0.468,0.394,-1.167,0.548,83.119,28.879,18.768,12.189,11.94,11.649,9.038,8.554,8.812,8.869,6.348,8.016,6.4,5.582,5.633,5.156,4.844,5.362,5.431,5.379
35_unhealthy.wav,0.057,0.025,1845.366,628.891,2415.622,531.479,3076.999,470.243,3693.979,411.099,20.032,14.556,16.603,17.599,16.739,16.438,15.163,3.651,3.91,3.805,3.288,2.616,2.139,1.608,4232.049,1714.095,-124.003,109.494,5.874,32.896,10.986,11.695,12.678,12.968,1.645,4.5,9.672,3.052,3.532,0.739,1.768,-0.683,-0.037,-1.008,-5.556,-0.846,49.106,24.141,19.142,11.315,9.079,7.439,7.633,6.885,6.292,5.901,5.879,5.652,5.004,5.281,5.596,4.965,5.41,4.951,5.647,5.874
50_unhealthy.wav,0.053,0.038,1700.561,833.482,2305.055,609.272,3004.049,501.371,3643.882,415.99,16.093,16.139,19.139,19.178,17.674,16.876,15.686,4.428,4.025,4.318,3.725,3.356,2.968,1.971,3775.663,1987.991,-144.957,118.465,20.525,28.564,2.354,10.07,11.918,4.852,-0.085,3.299,3.414,3.651,5.364,2.257,1.87,0.87,-1.184,0.81,1.81,1.788,71.147,35.825,18.353,10.861,9.233,8.408,7.465,7.29,8.152,6.57,7.361,6.115,7.795,7.816,5.772,5.695,5.077,5.352,6.298,5.697
187_healthy.wav,0.185,0.077,3563.787,721.813,3174.247,253.623,3582.803,185.677,3939.973,149.47,20.532,15.171,18.383,18.561,18.076,17.731,15.33,4.669,3.925,4.137,3.382,3.274,3.658,1.648,7607.091,1078.617,-50.463,56.435,12.569,11.273,-2.738,1.363,4.543,-0.96,2.299,2.748,-1.977,2.59,-4.024,0.678,-1.405,3.326,3.037,2.64,2.083,1.359,41.671,18.91,13.109,13.08,9.408,10.783,8.832,8.714,8.471,8.218,7.393,7.3,7.001,6.681,6.253,7.256,7.768,8.261,8.013,7.555
104_healthy.wav,0.085,0.046,1811.217,879.999,2063.716,641.806,2677.694,656.845,3275.099,651.996,24.431,16.48,19.296,19.53,20.696,27.088,20.294,4.884,3.915,4.153,4.042,3.592,6.292,5.112,3640.768,1770.431,-125.879,126.592,-23.164,36.223,20.941,-1.178,16.493,-3.644,6.52,9.342,-6.403,3.866,-7.943,2.045,-2.331,-1.482,4.748,-3.501,4.89,-3.197,52.399,35.055,22.522,19.196,11.949,13.492,10.219,9.49,9.599,8.902,8.388,7.759,7.614,8.298,8.154,8.29,8.82,8.486,7.828,7.804
70_unhealthy.wav,0.139,0.06,2473.921,626.324,2247.109,298.313,2597.92,253.619,2925.118,224.072,19.676,19.053,22.903,21.433,21.76,21.253,40.53,3.943,5.122,4.953,4.307,4.096,3.757,3.396,5092.203,1078.635,-202.223,75.231,-14.236,66.306,-8.288,24.384,-16.237,17.129,-21.286,3.963,-19.76,0.483,-4.509,-5.366,-8.967,-0.041,-8.025,-0.517,-6.796,-8.445,58.988,23.833,23.21,16.02,13.952,11.624,11.95,9.303,9.735,11.513,8.765,8.062,8.866,8.303,9.774,7.462,8.675,6.249,7.495,6.895
31_unhealthy.wav,0.132,0.056,2621.635,771.899,2513.524,488.439,3044.868,422.347,3548.702,354.789,18.26,14.898,18.594,19.588,18.7,18.714,15.415,4.228,4.406,4.678,4.467,3.809,3.421,1.849,5285.161,1607.385,-89.082,81.389,-12.564,22.778,-7.067,-0.495,2.751,-3.446,-7.71,-0.844,-4.883,-2.687,-5.293,-4.596,-2.971,-2.211,-3.564,-1.005,-0.499,-0.974,68.941,29.87,24.97,13.884,12.313,12.417,12.312,8.997,8.754,9.267,7.961,8.779,7.941,6.915,7.711,6.939,6.383,7.896,8.32,8.339
178_healthy.wav,0.214,0.116,4012.6,1130.099,3347.489,331.15,3740.955,250.315,4070.575,218.299,19.382,14.836,17.398,17.985,17.995,17.724,15.275,5.272,5.524,6.122,4.897,4.032,3.656,1.638,8315.114,1390.458,-34.211,40.406,17.489,13.414,13.249,7.452,18.19,2.727,4.349,5.823,-1.144,3.12,2.427,-2.08,-1.273,0.154,2.322,4.309,2.135,2.951,70.882,30.598,22.246,16.206,11.785,10.88,11.175,8.968,8.493,10.004,8.967,8.5,8.16,7.995,8.474,9.098,10.2,10.133,10.692,11.119
168_healthy.wav,0.191,0.115,3858.363,1017.087,3277.561,313.502,3665.3,234.987,3993.539,210.295,17.645,15.42,18.631,17.312,17.332,16.923,15.382,5.538,4.479,5.506,4.195,3.448,3.034,2.298,8033.575,1287.496,-52.584,37.492,14.083,18.178,16.778,5.952,6.421,2.691,-0.444,3.217,-3.943,1.62,0.317,-0.137,-0.512,-1.567,2.07,1.239,4.586,1.627,52.12,27.866,21.813,15.001,12.418,14.023,11.506,10.86,10.276,9.95,9.902,9.348,9.803,10.134,10.716,10.551,10.365,9.428,9.792,9.291
56_unhealthy.wav,0.178,0.068,3283.023,680.764,2915.406,279.688,3348.558,211.854,3744.213,154.873,16.568,13.363,16.355,15.751,16.14,15.76,16.149,4.02,3.605,3.659,2.941,2.501,1.916,1.832,6699.616,1125.59,-7.869,59.538,3.648,28.984,4.138,10.269,2.559,7.604,-1.4,2.964,4.05,-0.753,1.068,-3.041,-1.009,-0.695,-0.686,1.519,-0.462,0.502,39.765,18.471,15.166,9.865,8.413,6.698,8.689,6.226,6.295,6.615,6.069,5.644,5.308,4.947,6.589,5.404,5.132,4.903,5.158,5.01
120_healthy.wav,0.156,0.108,3111.597,1091.591,2945.957,440.929,3469.11,330.274,3937.034,259.049,20.293,15.376,18.329,18.345,18.798,17.338,15.494,5.946,4.64,4.29,3.881,3.813,3.62,1.555,6532.005,1850.559,-25.121,70.809,2.929,7.533,1.452,2.856,1.914,-6.821,0.299,-1.943,-6.646,-0.247,-0.758,-4.249,-2.438,-5.674,-1.568,0.668,1.692,0.786,62.283,28.737,21.55,17.282,14.099,15.777,11.39,10.189,11.093,9.896,8.996,7.613,8.237,7.378,6.707,5.897,6.958,8.262,8.594,7.622
129_healthy.wav,0.121,0.058,2922.662,843.247,3050.338,405.979,3562.261,277.449,4019.468,195.552,21.293,15.483,19.255,18.949,17.729,15.699,14.696,5.107,4.541,4.876,4.232,3.473,2.224,1.32,6625.915,1706.264,-45.623,74.729,15.965,14.793,8.999,8.207,5.684,5.251,5.396,2.439,0.778,1.175,-2.355,-2.947,-2.596,-2.697,-1.504,1.558,1.604,-0.018,58.052,22.138,16.868,16.19,10.484,10.729,8.086,7.331,8.926,7.192,7.297,6.982,7.104,6.765,6.985,6.246,6.764,8.409,9.0,10.314
67_unhealthy.wav,0.12,0.06,2397.697,685.295,2340.215,328.851,2732.138,271.838,3093.33,226.454,21.278,15.8,19.283,18.73,18.557,17.818,41.558,3.944,4.081,4.666,4.333,3.284,2.612,3.298,5195.989,1221.37,-123.672,94.753,-9.553,53.267,-13.763,17.747,-19.215,25.296,-18.706,15.397,-12.512,9.379,-11.607,0.665,-6.987,3.364,-7.143,0.512,-8.737,-1.457,50.742,27.173,19.772,14.745,11.31,12.201,11.257,9.282,9.887,8.482,8.238,7.406,7.043,8.534,7.421,6.573,6.845,5.96,6.602,6.121
144_healthy.wav,0.103,0.073,2686.513,1060.349,2725.883,480.435,3230.602,370.107,3696.29,277.896,22.622,14.819,19.379,18.27,18.079,16.512,16.769,5.225,4.331,4.78,4.115,3.824,2.919,2.159,5758.725,1883.932,-50.854,68.051,12.076,36.322,8.665,19.502,10.717,12.311,1.659,10.159,4.833,1.696,2.726,3.159,2.458,1.416,1.063,1.899,2.266,2.422,47.967,32.598,18.935,17.665,14.769,12.012,9.468,8.596,9.002,8.603,7.597,7.071,6.908,7.556,6.983,7.345,6.508,6.41,7.264,7.419
69_unhealthy.wav,0.138,0.065,2529.883,774.71,2346.93,328.576,2709.042,249.977,3040.213,188.033,21.13,17.339,21.963,21.192,21.052,20.645,39.949,3.739,4.071,4.761,3.712,3.621,3.33,3.452,5325.937,1294.037,-203.345,85.412,-11.577,54.754,-11.617,20.568,-27.761,18.873,-31.643,10.7,-11.928,4.132,-3.999,1.736,-7.908,4.303,-11.239,-1.185,-5.033,-2.364,44.738,28.832,17.239,12.072,10.548,11.912,11.908,8.233,13.119,10.212,9.098,9.102,10.122,8.092,9.016,8.599,7.79,7.474,7.758,7.056
169_healthy.wav,0.155,0.106,3242.198,1099.244,2934.508,441.821,3428.757,345.164,3867.242,277.025,20.08,15.884,18.238,17.667,17.992,17.249,15.709,6.105,5.931,5.593,4.854,3.756,2.957,1.713,6697.018,1882.137,-29.3,53.877,-1.7,15.49,1.091,0.537,4.897,-3.225,-1.696,2.227,-7.137,-5.999,-2.987,-3.801,-4.893,-6.728,-0.427,-4.025,4.379,4.464,56.469,37.634,22.524,20.718,21.053,18.688,12.925,11.186,11.381,12.041,9.223,9.382,8.842,9.095,9.106,9.052,8.615,8.475,11.208,10.924
135_healthy.wav,0.131,0.085,3112.514,1025.022,3229.287,358.557,3747.187,243.065,4198.098,218.819,23.896,15.983,20.165,19.721,19.168,16.843,15.258,5.075,4.251,4.999,4.459,3.715,2.735,1.533,7197.586,1716.408,-59.553,77.302,26.372,3.185,6.759,-0.05,-0.62,-0.68,4.141,-0.443,-4.537,-3.555,-2.196,-3.554,0.259,-4.677,-4.604,-3.748,-1.39,-0.843,67.177,27.411,20.133,16.767,13.861,15.853,11.852,10.413,10.425,9.496,8.657,7.343,7.686,7.499,6.995,7.94,8.887,8.415,9.867,9.483
154_healthy.wav,0.107,0.097,2586.426,993.546,2752.134,513.944,3421.318,462.649,4003.478,434.489,21.287,20.558,23.089,20.49,20.3,25.303,17.153,7.855,6.407,6.433,5.492,4.348,7.153,3.073,5554.184,2040.547,-145.931,62.573,-23.072,-18.757,-14.747,-28.405,3.141,-24.919,-13.635,-4.61,-24.375,-15.802,-17.457,-11.703,-8.259,-13.842,-9.9,-11.981,-5.039,-2.907,66.417,40.599,42.279,23.363,21.322,15.666,15.152,16.331,15.782,14.358,12.998,10.853,12.36,22.257,17.921,19.666,14.322,14.195,16.688,16.066
161_healthy.wav,0.136,0.091,3477.594,1167.558,3296.384,399.698,3743.514,294.723,4127.626,264.41,18.829,16.512,19.982,19.549,17.866,19.11,17.242,5.765,5.369,5.185,5.268,3.847,4.799,2.955,7642.805,1775.166,-46.889,55.892,26.08,16.541,7.097,-3.345,9.255,-0.85,8.308,7.122,-0.543,1.757,-1.83,5.211,-3.09,-0.855,-3.867,-2.339,-0.23,2.216,66.581,30.749,23.734,15.666,14.583,18.113,13.756,10.279,10.934,11.285,11.074,9.047,8.82,9.416,7.461,9.533,9.133,10.093,8.939,10.064
27_unhealthy.wav,0.133,0.068,2622.418,679.43,2442.706,294.802,2903.883,230.691,3342.988,183.641,17.595,15.968,17.694,17.91,17.782,18.174,20.052,3.781,5.073,4.183,3.001,2.672,2.698,2.343,5399.742,1183.716,-123.345,74.882,-17.058,31.61,2.545,17.328,-3.815,9.723,-7.238,11.259,0.382,3.469,1.664,-3.159,-1.082,0.316,-5.988,-0.319,-2.338,-4.322,51.364,25.25,16.538,14.159,10.397,9.449,10.098,7.836,8.124,6.854,6.637,6.999,8.401,7.031,6.645,6.611,7.087,8.527,8.077,7.103
119_healthy.wav,0.128,0.075,3411.053,912.579,3405.7,305.992,3822.969,191.726,4185.83,158.853,22.283,15.409,19.58,19.407,18.548,15.99,14.832,5.142,4.102,4.595,4.018,3.735,2.319,1.418,7911.345,1256.988,-48.96,62.628,34.227,12.322,16.563,8.615,8.766,5.26,6.8,9.06,-4.081,-0.745,-0.38,-0.475,0.65,1.714,1.365,1.924,3.852,1.607,46.861,21.436,21.335,16.617,10.308,12.415,10.182,9.203,8.716,9.285,7.642,7.638,6.52,8.273,8.359,8.876,9.365,10.775,11.322,9.066
0_unhealthy.wav,0.09,0.04,1963.056,500.039,2094.334,310.811,2562.126,256.824,3000.052,226.24,18.743,16.978,18.802,17.52,18.786,17.934,40.564,4.601,4.319,4.924,3.951,4.074,2.693,3.348,4184.736,1131.306,-116.626,109.253,-23.164,40.679,-11.889,23.153,-15.409,15.125,-13.523,12.696,-10.872,8.498,-11.578,2.198,-6.181,1.99,-7.956,2.083,-2.393,-1.542,76.455,22.034,19.206,12.693,13.99,11.281,11.414,7.981,10.572,7.693,8.788,7.394,6.25,7.732,8.51,8.486,5.968,5.746,5.514,7.608
173_healthy.wav,0.132,0.051,2555.178,633.108,2558.928,418.92,3136.07,350.956,3666.75,291.233,21.797,12.43,14.709,16.228,16.429,16.627,15.281,5.093,3.656,3.678,3.065,2.302,2.144,1.422,5334.256,1495.902,9.567,88.869,-20.312,5.111,-2.918,-0.176,0.332,1.61,-2.263,-0.95,-6.215,-2.971,-1.811,-0.327,-1.346,-1.671,-0.189,1.715,-0.127,-3.901,46.563,28.413,17.137,13.708,10.913,9.444,9.816,7.883,7.23,8.031,7.279,6.819,6.149,6.09,5.848,5.807,6.133,5.568,5.676,5.647
190_healthy.wav,0.166,0.099,3378.143,1118.521,3071.956,467.632,3528.856,344.488,3930.247,264.081,18.234,14.922,18.262,18.575,18.46,18.695,16.293,4.878,4.921,4.851,5.063,4.741,5.341,2.762,7029.683,1981.872,-47.762,55.567,19.23,24.482,4.05,1.545,6.953,-1.043,3.09,1.79,-3.043,1.935,-4.677,-2.513,-0.86,-2.285,-1.682,-3.223,2.625,1.898,89.374,34.983,25.256,18.004,12.877,16.714,12.454,11.178,10.993,9.156,9.958,9.152,9.048,8.871,9.035,10.15,8.562,7.923,9.663,12.302
29_unhealthy.wav,0.112,0.048,2438.376,609.774,2433.927,332.421,2902.059,279.799,3360.072,232.022,20.373,14.139,17.546,17.161,17.571,16.509,18.526,3.795,3.9,4.079,3.121,2.685,2.153,1.676,5166.761,1105.799,-42.399,85.048,-7.384,40.714,-1.009,18.923,-3.541,5.872,-5.02,4.245,-3.175,-0.58,-0.53,2.343,-0.367,-4.108,-3.857,-3.911,-5.781,-4.33,37.058,23.111,17.575,11.032,8.692,9.147,7.486,6.365,6.485,6.844,6.602,6.676,6.521,5.777,5.389,5.759,5.475,5.037,5.533,5.431
153_healthy.wav,0.156,0.104,3642.845,1015.78,3279.763,394.485,3698.505,291.815,4056.058,239.836,20.725,14.141,18.488,17.005,17.917,18.865,14.702,4.996,4.415,5.138,4.189,4.157,4.862,1.554,7761.92,1612.832,-39.894,35.581,8.927,15.078,15.205,10.564,21.816,10.005,13.969,16.552,1.472,3.263,0.067,0.968,7.642,7.64,9.402,6.579,1.191,-0.642,61.94,24.099,22.367,20.548,16.243,16.741,13.428,12.518,10.188,10.012,10.588,8.726,9.121,7.909,9.348,10.727,12.77,10.371,10.272,10.921
121_healthy.wav,0.18,0.082,3470.57,816.672,3133.534,288.576,3592.47,191.391,3989.535,150.747,19.845,14.423,17.736,17.112,17.572,16.701,14.656,5.868,4.417,4.513,3.826,3.16,2.281,1.303,7425.3,1311.428,13.437,58.235,-2.181,5.018,8.058,-0.493,4.095,2.251,4.302,3.598,-0.497,2.42,1.89,2.175,1.943,-0.168,-0.615,0.758,0.738,2.009,57.362,19.934,17.694,13.807,11.246,11.95,9.248,10.309,9.218,9.211,7.871,7.53,7.866,7.649,6.934,6.618,6.749,7.032,7.903,8.166
130_healthy.wav,0.112,0.055,2969.962,818.446,3141.421,384.832,3634.52,267.493,4070.042,231.207,21.355,16.938,19.917,19.389,18.74,16.741,15.671,5.029,4.84,4.79,4.306,3.782,2.484,1.562,6894.705,1620.587,-40.523,73.49,22.62,12.35,14.862,8.943,5.301,9.019,2.085,4.299,-3.138,1.848,2.036,1.391,4.121,-0.347,-0.75,1.158,0.745,-0.037,55.571,26.055,19.671,15.388,11.094,11.196,7.911,8.655,8.032,9.327,8.125,7.566,6.863,7.306,6.986,7.216,7.77,8.758,9.16,9.001
21_unhealthy.wav,0.122,0.054,2143.4,499.266,2060.823,249.525,2502.193,202.534,2916.958,167.603,16.574,13.852,17.33,17.167,17.543,19.446,42.515,3.059,3.656,3.782,2.982,2.737,3.369,3.037,4228.935,961.139,-55.336,114.427,-34.039,37.998,-22.33,18.537,-18.159,13.812,-27.805,18.165,-14.629,6.551,-8.265,-2.253,-11.603,2.496,-10.94,0.71,-0.681,-0.063,35.356,20.502,16.514,12.595,13.595,10.642,10.454,7.693,9.946,8.323,7.002,7.58,7.027,7.158,6.1,6.334,6.606,6.771,6.258,6.702
